POA2000,716,22759,29,578,1422,600,2600
POA2006,42,1157,20,192,1750,490,2210
POA2007,231,7111,27,487,1099,460,2280
POA2008,189,6295,29,698,1459,454,2200
POA2009,679,11618,32,1095,2184,575,2778
POA2010,775,25404,34,1038,1796,450,2500
POA2011,457,18039,36,1105,1523,400,2200
POA2015,584,8428,33,1135,2053,475,2500
POA2016,501,12035,36,810,1447,380,2518
POA2017,601,14469,32,690,1184,430,2557
POA2018,1884,15398,36,532,1197,355,2167
POA2019,1218,8901,37,698,1626,350,2524
POA2020,1236,10179,35,677,1481,450,2600
POA2021,1079,14239,35,1204,2114,495,3033
POA2022,1039,11594,36,924,1785,515,3000
POA2023,1182,10766,36,1102,2566,508,3250
POA2024,1211,11077,37,970,2049,480,3033
POA2025,670,7180,40,1144,2181,550,3033
POA2026,2516,30396,33,1018,1910,500,3000
POA2027,466,7305,44,1292,2276,590,3000
POA2028,339,4687,38,1135,2287,550,3000
POA2029,1052,9402,37,961,1906,500,2884
POA2030,1984,13914,39,934,2422,531,3467
POA2031,3305,32320,35,935,1857,460,2600
POA2032,1464,15265,31,455,1138,420,2500
POA2033,913,10963,31,646,1512,435,2600
POA2034,1836,19092,35,1001,1885,455,2708
POA2035,3830,33234,37,659,1432,420,2600
POA2036,3385,26895,39,563,1234,310,2500
POA2037,842,13840,34,788,1418,350,2869
POA2038,877,8669,36,1068,2086,450,2924
POA2039,862,7919,36,1276,2597,530,3033
POA2040,2394,20863,37,926,1911,440,3000
POA2041,1549,14752,39,1242,2543,500,3142
POA2042,1147,17721,33,925,1740,420,2600
POA2043,496,6848,34,1196,2292,500,2600
POA2044,687,7190,36,757,1684,450,2600
POA2045,951,6650,44,656,1732,380,2700
POA2046,3265,25179,39,806,1781,459,2817
POA2047,1212,11378,39,1032,2150,485,2800
POA2048,712,7702,35,889,1803,390,2574
POA2049,1000,10454,36,842,1688,350,2600
POA2050,360,6703,33,1124,1950,495,2663
POA2052,7,1810,20,113,556,288,0
POA2060,810,12268,36,1212,2117,470,2600
POA2061,314,5679,39,1311,2424,508,2650
POA2062,666,6784,37,1187,2235,480,2708
POA2063,944,5931,40,1041,2625,577,3315
POA2064,1069,8642,34,936,1909,460,2500
POA2065,2612,27176,35,1153,2289,485,2713
POA2066,3755,27624,37,945,2121,418,2708
POA2067,2778,22623,35,682,1658,495,2600
POA2068,2399,15870,39,898,2337,500,3105
POA2069,2123,13282,40,875,2563,531,3007
POA2070,1945,12278,40,868,2532,555,3200
POA2071,1867,12161,41,798,2485,610,3119
POA2072,976,6592,41,752,2217,580,3000
POA2073,2637,15736,40,852,2611,600,3100
POA2074,3132,20943,43,777,2231,530,3000
POA2075,2976,18644,43,784,2513,690,3000
POA2076,3508,23774,41,753,2252,461,3000
POA2077,4812,34899,36,679,1520,395,2167
POA2079,1185,7105,37,710,1991,450,2500
POA2080,242,1573,39,689,1705,420,2247
POA2081,851,5167,38,719,1962,400,2500
POA2082,897,5654,39,722,1826,400,2182
POA2083,183,1545,45,667,1324,295,2141
POA2084,564,3534,41,724,1953,500,2950
POA2085,1644,10708,43,687,1927,650,2903
POA2086,2220,13191,40,734,2136,650,2900
POA2087,1930,12288,41,695,1917,550,2800
POA2088,3240,27453,40,1117,2463,474,3033
POA2089,788,11082,36,1232,2177,471,2700
POA2090,1202,13024,38,1203,2188,490,3000
POA2092,1110,6726,39,855,2554,560,3500
POA2093,3161,21612,38,841,1972,460,2800
POA2094,626,5490,37,1063,2208,500,3000
POA2095,1219,15073,35,1069,2085,530,3000
POA2096,1648,13875,35,950,1929,450,2700
POA2097,2034,14388,38,792,1864,471,2685
POA2099,4605,36686,37,713,1478,406,2500
POA2100,2874,19443,40,670,1742,450,2925
POA2101,2196,17981,40,743,1560,430,2800
POA2102,931,6145,38,767,1939,575,3000
POA2103,1301,10166,42,719,1685,475,2687
POA2104,369,3093,53,721,1603,780,2800
POA2105,273,1835,45,913,2023,400,3000
POA2106,1205,9038,40,787,1776,440,2817
POA2107,2082,14464,43,760,1887,550,3000
POA2108,174,1899,53,863,1720,500,3000
POA2109,46,1792,23,222,558,225,2074
POA2110,1264,9806,42,802,2345,388,3171
POA2111,1755,13424,39,805,1671,350,2600
POA2112,3867,27772,38,649,1469,361,2410
POA2113,2138,16800,38,653,1525,371,2400
POA2114,2804,21476,35,700,1511,350,2167
POA2115,1296,9469,38,511,1294,250,2500
POA2116,833,6217,37,550,1285,300,2288
POA2117,2570,19018,38,562,1342,300,2300
POA2118,3373,21570,40,586,1571,405,2200
POA2119,1786,10901,43,801,2544,500,2800
POA2120,3087,19625,39,719,1987,410,2500
POA2121,3817,24618,39,653,1739,421,2396
POA2122,3556,28543,35,538,1371,392,2288
POA2125,2801,15968,41,744,2449,480,2611
POA2126,3295,18779,40,682,2268,521,2600
POA2127,1029,8145,33,1017,2118,486,2500
POA2128,222,3165,32,605,1286,400,2119
POA2129,0,3,50,1375,0,0,0
POA2130,668,6587,35,822,1572,360,2090
POA2131,2212,22190,35,575,1313,365,2100
POA2132,1406,10381,38,575,1508,390,2400
POA2133,1487,10741,38,559,1295,330,2167
POA2134,1305,12467,32,437,1184,425,2167
POA2135,2785,23096,33,546,1464,420,2500
POA2136,960,6719,38,550,1377,398,2380
POA2137,3323,24017,38,732,1830,470,2600
POA2138,1648,13520,31,705,1716,530,2500
POA2139,0,54,42,383,5000,330,0
POA2140,1524,12513,30,586,1388,390,2008
POA2141,3479,25478,33,424,1153,350,2000
POA2142,2693,22524,30,426,1064,320,1863
POA2143,980,7461,35,410,1037,300,1788
POA2144,4388,33122,29,352,968,320,1800
POA2145,10037,71312,34,573,1380,350,2167
POA2146,2299,15686,35,613,1433,330,2015
POA2147,4866,35074,36,581,1376,275,2043
POA2148,7953,58669,33,532,1222,320,1950
POA2150,2525,24812,30,596,1274,340,1800
POA2151,2475,20221,35,635,1450,340,2156
POA2152,1267,10224,37,702,1388,360,2300
POA2153,8387,52452,38,708,1905,430,2418
POA2154,5981,37916,39,721,2059,456,2600
POA2155,7947,44027,33,812,2307,510,2700
POA2156,1993,12348,41,709,2210,415,2800
POA2157,551,3710,40,621,1570,263,2500
POA2158,1255,8289,42,680,2010,421,2775
POA2159,658,4549,42,658,1679,300,2513
POA2160,4187,32846,32,426,1031,320,1993
POA2161,3632,28269,31,386,960,300,1950
POA2162,2266,16986,36,386,954,270,1950
POA2163,910,8753,36,331,668,175,1517
POA2164,2486,18364,37,406,1099,300,2000
POA2165,5269,39514,35,346,896,295,1781
POA2166,6101,49723,36,335,857,250,1517
POA2167,1021,7558,36,611,1394,290,1965
POA2168,5749,41911,32,392,1055,219,1904
POA2170,13224,95040,34,481,1168,290,2037
POA2171,4304,24391,31,640,1783,410,2383
POA2172,409,2264,34,839,2472,400,2600
POA2173,2247,13257,30,832,1935,360,2200
POA2174,60,424,38,510,1205,300,0
POA2175,265,1936,39,525,1353,277,3000
POA2176,7376,46064,37,434,1388,350,2000
POA2177,2258,15189,34,375,1246,230,1950
POA2178,735,4824,35,573,1503,350,2500
POA2179,679,5405,40,425,1119,300,2000
POA2190,3470,24709,32,362,960,280,2100
POA2191,866,6043,38,474,1134,320,2275
POA2192,1609,12575,35,413,987,300,1950
POA2193,1921,13987,39,571,1394,350,2167
POA2194,2717,21219,35,389,945,320,1733
POA2195,3442,25207,30,362,858,295,1506
POA2196,4133,29595,33,386,1003,300,2000
POA2197,1088,8175,36,395,1048,250,2008
POA2198,1216,8669,38,518,1324,389,2167
POA2199,2141,16003,35,386,980,300,1955
POA2200,5323,40612,32,383,981,330,1777
POA2203,1370,12981,36,767,1540,360,2200
POA2204,2501,24613,37,617,1405,340,2330
POA2205,1502,12846,33,553,1411,401,2383
POA2206,2737,18317,41,539,1370,400,2400
POA2207,3870,27536,37,537,1366,370,2200
POA2208,1712,11516,40,504,1258,360,2500
POA2209,1971,14617,39,496,1173,320,2167
POA2210,3749,28012,41,500,1136,200,2167
POA2211,2199,16210,40,558,1288,340,2167
POA2212,1907,14298,38,517,1247,320,2167
POA2213,2927,20377,38,601,1442,330,2253
POA2214,579,3845,38,637,1680,395,2200
POA2216,2874,26062,34,555,1257,380,2167
POA2217,2975,23624,36,575,1272,370,2167
POA2218,1991,15177,36,563,1266,360,2155
POA2219,1532,12436,43,631,1259,365,2405
POA2220,3632,28434,33,446,1171,400,2000
POA2221,2404,15783,40,631,1633,400,2400
POA2222,1575,11692,36,594,1303,340,1993
POA2223,2767,19805,38,706,1578,350,2200
POA2224,1790,13430,42,642,1510,389,2600
POA2225,903,5427,38,753,2172,460,2900
POA2226,1798,11873,38,729,1874,310,2550
POA2227,2027,14048,39,726,1746,380,2600
POA2228,2163,17602,39,647,1372,370,2321
POA2229,3679,27304,40,705,1541,370,2551
POA2230,2926,26975,39,824,1524,360,2400
POA2231,332,2214,37,621,1605,378,2600
POA2232,4054,31261,38,719,1525,360,2300
POA2233,4670,29304,37,690,1773,370,2383
POA2234,5276,30827,37,731,2191,440,2383
POA2250,7747,65633,39,545,1135,275,1824
POA2251,3991,31837,43,533,1149,300,2000
POA2256,1423,14977,47,461,882,250,1800
POA2257,2732,27646,44,482,891,280,1837
POA2258,688,5107,37,575,1349,265,1961
POA2259,6317,53997,39,477,1014,275,1800
POA2260,2724,21787,40,648,1443,350,2167
POA2261,5426,51002,40,487,943,270,1809
POA2262,2220,20151,38,439,883,260,1650
POA2263,2010,22379,44,419,762,245,1554
POA2264,1274,13120,45,473,906,260,1690
POA2265,589,5390,41,465,1049,220,1744
POA2267,275,2670,49,493,930,250,1800
POA2278,398,2685,34,598,1391,280,1664
POA2280,3243,26597,42,531,1148,250,1920
POA2281,1467,13416,46,453,906,255,1800
POA2282,1898,14461,42,604,1380,300,1900
POA2283,2438,23076,44,486,1027,250,1733
POA2284,1101,10465,42,490,994,250,1600
POA2285,3569,27798,36,562,1260,275,1756
POA2286,442,3447,36,512,1169,280,1603
POA2287,4155,33273,37,532,1228,280,1733
POA2289,2390,18851,39,611,1333,290,1900
POA2290,3879,32177,40,551,1181,280,1800
POA2291,1556,13397,38,748,1537,300,2100
POA2292,230,2435,35,625,1131,270,1800
POA2293,159,2126,34,646,1208,300,1863
POA2294,135,1874,33,596,1056,280,1733
POA2295,519,5822,48,482,900,250,1850
POA2296,110,1807,34,639,1150,280,1775
POA2297,152,1615,36,550,996,260,1700
POA2298,812,9443,37,486,991,250,1700
POA2299,1044,10692,33,469,976,270,1733
POA2300,667,10082,34,789,1468,310,2050
POA2302,28,594,31,775,1204,350,1950
POA2303,881,9004,40,559,1030,215,2000
POA2304,1300,14967,38,518,1013,260,1733
POA2305,1476,11942,39,643,1337,285,1863
POA2306,228,3095,38,340,566,132,1387
POA2307,362,3705,35,434,878,270,1560
POA2308,0,653,20,132,0,0,0
POA2311,97,837,46,449,937,160,1560
POA2312,160,1508,43,391,816,200,1398
POA2314,0,167,24,1149,0,0,0
POA2315,1200,13377,49,493,914,270,1733
POA2316,635,5525,42,464,981,295,1863
POA2317,533,6172,50,466,866,277,1900
POA2318,1583,11391,37,587,1381,250,1800
POA2319,634,6318,45,436,864,250,1500
POA2320,3772,29291,36,568,1358,265,1800
POA2321,1486,10925,39,579,1451,290,1950
POA2322,2163,16682,36,539,1206,240,1600
POA2323,3014,24734,37,551,1199,250,1733
POA2324,2329,22536,41,472,936,220,1560
POA2325,2805,26223,38,453,964,220,1517
POA2326,819,7171,37,436,969,184,1430
POA2327,748,7359,38,441,869,230,1387
POA2328,282,2555,37,601,1305,185,1500
POA2329,207,2141,42,430,867,125,1148
POA2330,2674,20458,34,642,1684,260,1993
POA2333,1512,13238,33,624,1430,240,1733
POA2334,320,2483,32,506,1330,300,1733
POA2335,777,5430,35,605,1644,310,1800
POA2336,288,2342,37,595,1389,185,1700
POA2337,928,7736,38,589,1150,188,1796
POA2338,149,1537,44,480,812,89,1213
POA2339,75,669,42,451,845,100,1290
POA2340,4808,45700,38,541,1001,210,1500
POA2341,152,1729,45,372,705,160,1180
POA2342,67,558,44,496,974,165,960
POA2343,459,4527,43,465,841,145,1140
POA2344,95,736,42,585,1262,180,1517
POA2345,88,769,40,567,1048,150,1200
POA2346,255,2810,47,369,678,155,888
POA2347,162,1880,51,363,623,100,867
POA2350,2470,24472,37,526,1010,200,1452
POA2351,0,858,20,208,0,0,0
POA2352,326,2811,41,471,964,220,1420
POA2353,117,998,45,463,1048,180,1517
POA2354,379,3519,45,457,828,100,867
POA2355,89,765,46,388,713,0,1083
POA2357,407,4362,45,392,730,135,953
POA2358,438,4045,44,458,879,160,1213
POA2359,64,603,44,409,636,140,934
POA2360,1510,14496,40,444,812,170,1240
POA2361,86,886,50,338,665,120,625
POA2365,381,3409,42,444,879,160,1172
POA2369,120,1175,38,367,726,135,1083
POA2370,662,7559,45,405,742,160,1083
POA2371,64,743,52,346,595,120,955
POA2372,433,4971,48,395,724,160,1148
POA2380,1091,10141,39,494,950,195,1300
POA2381,207,1745,41,429,839,100,934
POA2382,128,1189,41,384,884,150,1213
POA2386,34,303,40,507,838,0,433
POA2388,352,3089,38,492,917,120,1083
POA2390,910,8243,39,547,1024,150,1350
POA2395,63,780,47,340,531,110,867
POA2396,111,1164,45,367,649,100,693
POA2397,45,407,41,603,1105,100,433
POA2399,103,877,41,500,952,100,867
POA2400,1029,10216,36,591,1104,150,1300
POA2401,40,323,40,387,700,0,1615
POA2402,209,1913,44,397,735,105,1000
POA2403,64,557,41,358,682,140,713
POA2404,158,1784,52,359,609,125,945
POA2405,65,551,38,577,1014,0,450
POA2406,72,739,35,620,1059,45,650
POA2408,55,423,34,660,1093,0,433
POA2409,116,1141,30,339,834,110,362
POA2410,36,347,42,363,711,0,433
POA2415,38,279,46,406,890,170,1940
POA2420,449,4066,46,447,865,180,1625
POA2421,194,1520,43,593,1308,155,1777
POA2422,487,5218,50,412,795,160,1473
POA2423,307,3230,48,386,776,175,1207
POA2424,47,548,46,347,634,111,1067
POA2425,193,1616,42,420,913,170,1404
POA2426,50,519,45,383,694,173,1083
POA2427,163,2474,59,362,638,225,1500
POA2428,1666,22698,53,393,705,220,1430
POA2429,879,9249,47,395,786,185,1300
POA2430,3057,32569,45,402,780,200,1300
POA2431,405,4953,53,386,711,225,1408
POA2439,276,2451,45,395,880,250,1430
POA2440,1870,21373,42,387,763,180,1257
POA2441,718,6300,46,411,894,200,1343
POA2443,615,8848,56,379,667,223,1408
POA2444,3979,42617,46,470,857,250,1733
POA2445,689,5873,44,469,957,310,1733
POA2446,1356,12527,43,432,869,230,1534
POA2447,615,6814,48,383,738,195,1170
POA2448,642,8701,51,378,676,195,1452
POA2449,183,2323,45,361,676,150,1025
POA2450,3827,38298,42,481,920,250,1600
POA2452,1514,15010,41,457,851,250,1517
POA2453,252,2705,48,379,700,160,1083
POA2454,780,7351,43,441,843,255,1354
POA2455,237,3020,51,392,730,224,1300
POA2456,1422,13579,43,446,880,260,1517
POA2460,2792,28592,43,411,807,200,1300
POA2462,235,2510,48,375,670,200,1083
POA2463,700,7147,48,402,790,220,1300
POA2464,506,6682,52,398,733,255,1517
POA2465,40,357,43,370,837,210,1625
POA2466,114,1702,57,353,577,200,986
POA2469,376,4245,47,341,647,130,953
POA2470,1493,14548,41,416,806,200,1300
POA2471,270,2577,40,432,875,210,1222
POA2472,176,1730,44,419,806,185,1300
POA2473,230,2968,51,390,696,228,1309
POA2474,628,6386,45,386,729,180,1213
POA2475,36,448,48,340,567,140,914
POA2476,112,1017,40,362,719,120,934
POA2477,1218,11245,46,488,956,260,1603
POA2478,2603,26770,45,497,913,300,1733
POA2479,560,4538,43,521,1028,350,1513
POA2480,4521,44395,40,468,905,225,1495
POA2481,897,10699,41,504,950,393,1850
POA2482,574,5749,44,419,773,288,1517
POA2483,1036,10031,43,460,840,320,1549
POA2484,1858,18049,44,426,834,250,1528
POA2485,921,13349,52,420,732,280,1725
POA2486,2993,30593,46,435,868,310,1842
POA2487,1120,11194,44,494,896,310,2037
POA2488,357,3099,39,505,966,305,1625
POA2489,695,6318,40,461,950,350,2167
POA2490,92,690,42,530,1107,280,1300
POA2500,3211,37082,33,480,1006,270,1907
POA2502,1216,11706,40,359,766,180,1625
POA2505,530,4914,43,387,809,200,1733
POA2506,870,7430,40,386,884,165,1625
POA2508,1347,8653,36,700,1837,360,2400
POA2515,1415,10387,40,694,1702,360,2167
POA2516,775,5671,38,600,1463,220,2299
POA2517,1626,12955,40,537,1225,260,2167
POA2518,2016,18612,40,465,939,220,1950
POA2519,1898,16240,39,469,1066,260,2000
POA2525,1481,10630,39,570,1395,280,2000
POA2526,2281,15829,38,522,1342,215,1847
POA2527,2863,20614,35,525,1318,280,1900
POA2528,2396,23283,42,391,819,215,1733
POA2529,3194,22307,37,537,1343,300,2000
POA2530,3817,29720,38,489,1137,250,1820
POA2533,1827,14937,46,574,1246,300,2000
POA2534,597,4990,44,538,1197,300,1900
POA2535,650,6997,52,486,883,255,1842
POA2536,1459,17467,48,432,792,236,1517
POA2537,965,10908,50,435,806,206,1400
POA2538,226,2262,51,437,892,230,1636
POA2539,1473,16525,50,395,747,235,1321
POA2540,4011,41738,45,428,847,230,1532
POA2541,2233,24143,41,426,812,195,1400
POA2545,99,1068,49,429,797,120,1192
POA2546,659,8792,54,389,718,190,1300
POA2548,528,6873,53,485,853,230,1500
POA2549,409,3630,47,463,912,210,1517
POA2550,1667,15693,45,458,869,185,1300
POA2551,275,3451,48,414,788,175,1430
POA2555,51,455,34,413,1148,320,1733
POA2556,345,2386,37,603,1547,340,2510
POA2557,568,4001,37,493,1359,335,2329
POA2558,1656,11123,32,629,1514,300,1780
POA2559,292,3803,21,337,657,165,1902
POA2560,9031,72236,33,551,1246,260,1842
POA2563,31,241,46,440,1031,360,1842
POA2564,1650,13375,33,429,994,210,1723
POA2565,2285,16587,36,562,1293,290,1800
POA2566,3473,24045,33,585,1385,280,1820
POA2567,5492,33966,32,740,1841,375,2167
POA2568,112,878,45,529,1352,110,2334
POA2569,194,1273,36,640,1663,250,2000
POA2570,3949,28344,37,661,1635,320,2200
POA2571,1499,10142,37,657,1531,250,2167
POA2572,515,3942,38,550,1402,270,2058
POA2573,537,4505,37,513,1117,280,1993
POA2574,744,5421,37,557,1271,265,2000
POA2575,1633,14031,40,524,1109,257,1798
POA2576,1280,12709,50,575,1149,300,2000
POA2577,1584,14650,44,553,1072,240,1800
POA2578,203,2419,53,480,870,250,1700
POA2579,380,3598,44,503,1027,200,1733
POA2580,2852,27113,41,520,982,180,1500
POA2581,235,1998,43,656,1234,180,1660
POA2582,1470,11512,39,735,1556,230,2000
POA2583,429,3998,48,445,824,135,1300
POA2584,50,468,47,546,879,185,1409
POA2585,37,337,48,398,828,100,1250
POA2586,282,2724,45,458,776,120,1000
POA2587,270,2828,47,403,733,140,1083
POA2588,38,310,46,607,1166,23,1083
POA2590,689,7110,46,425,769,150,1083
POA2594,1263,11456,39,446,831,180,1300
POA2618,206,1391,41,895,2125,300,2000
POA2619,1619,9420,34,1144,2691,365,2400
POA2620,4259,36434,37,800,1522,270,2000
POA2621,797,5369,39,974,2185,350,2252
POA2622,315,3258,45,532,935,200,1517
POA2623,81,744,39,678,1354,260,1469
POA2625,18,470,38,866,1213,46,2500
POA2626,68,500,41,619,1463,215,1625
POA2627,425,4399,35,686,1315,260,1777
POA2628,211,1806,44,543,955,185,1270
POA2629,47,586,51,487,796,100,990
POA2630,817,8330,43,525,918,180,1226
POA2631,74,721,48,411,754,61,762
POA2632,160,1662,45,493,884,140,1083
POA2633,40,452,51,386,672,100,910
POA2640,3667,33708,37,587,1131,200,1517
POA2641,1353,14314,38,495,853,180,1300
POA2642,651,5000,41,512,1037,120,1300
POA2643,275,2550,46,465,880,220,1290
POA2644,299,2596,45,503,905,140,1083
POA2645,23,298,51,339,582,75,520
POA2646,669,6789,45,475,874,160,1300
POA2647,157,1904,51,455,819,200,1509
POA2648,211,2502,47,431,721,130,1070
POA2649,261,10,26,500,900,189,2600
POA2650,5974,53972,35,589,1145,225,1595
POA2651,234,2217,24,694,1202,215,1300
POA2652,578,4851,42,516,978,105,1164
POA2653,218,2336,42,457,862,160,1083
POA2655,127,1054,43,488,907,160,1203
POA2656,141,1296,47,444,802,70,1000
POA2658,151,1442,45,396,705,125,813
POA2659,108,917,42,465,1036,140,1300
POA2660,163,1665,43,422,827,140,1127
POA2661,29,341,24,773,1874,225,0
POA2663,416,4578,38,462,869,160,1200
POA2665,278,2337,44,387,709,85,650
POA2666,520,5059,45,426,794,140,1092
POA2668,40,408,43,401,652,80,867
POA2669,251,2001,42,431,822,22,433
POA2671,417,3890,40,491,943,150,1196
POA2672,148,1476,36,406,848,103,791
POA2675,150,1430,40,530,973,100,997
POA2678,0,564,20,209,0,0,0
POA2680,2780,22687,36,532,1074,180,1517
POA2681,211,1638,38,519,992,162,1408
POA2700,469,4872,42,457,811,150,1081
POA2701,277,2434,42,502,970,170,1571
POA2702,57,614,46,384,702,110,845
POA2703,60,948,18,281,804,40,1300
POA2705,1137,10014,37,499,977,165,1300
POA2706,119,1211,37,503,891,150,1170
POA2707,160,1312,40,511,935,125,1083
POA2710,957,9834,44,469,840,140,1083
POA2711,360,3294,43,456,802,120,1083
POA2712,147,1408,47,421,766,108,900
POA2713,291,3080,45,424,785,110,905
POA2714,184,2383,53,390,709,175,1101
POA2715,173,1627,44,454,848,120,700
POA2716,107,1071,47,450,807,100,910
POA2717,144,1385,40,410,842,140,910
POA2720,884,7822,40,486,968,180,1500
POA2721,33,348,46,365,805,68,303
POA2722,343,2976,42,462,887,150,1213
POA2725,46,448,46,358,775,95,777
POA2726,36,304,44,566,985,0,1603
POA2727,71,568,43,536,989,0,1170
POA2729,215,1728,43,459,913,121,1166
POA2730,130,1422,47,453,786,120,930
POA2731,540,5560,46,474,870,220,1517
POA2732,172,1858,51,412,775,135,1200
POA2733,60,594,46,447,782,94,770
POA2735,83,651,43,389,942,125,960
POA2736,32,404,48,390,747,150,1300
POA2737,101,794,36,525,1043,135,1040
POA2738,166,1225,36,598,1227,160,1603
POA2739,183,1501,38,537,1018,150,1300
POA2745,4254,26232,32,746,1856,350,2200
POA2747,4361,34249,33,597,1302,280,1820
POA2748,296,1911,40,593,1519,323,3250
POA2749,2275,15773,31,654,1547,266,2000
POA2750,5025,42587,36,617,1256,280,1950
POA2752,734,4675,35,650,1542,300,2000
POA2753,2112,17084,37,601,1264,280,2000
POA2754,663,5283,38,603,1335,300,2000
POA2756,4413,32296,34,624,1401,280,2000
POA2757,110,876,42,558,1585,170,1800
POA2758,1222,8527,40,662,1705,295,2200
POA2759,4249,26500,32,668,1716,340,2000
POA2760,3016,27031,34,515,1093,280,1874
POA2761,4558,27724,30,623,1562,350,2000
POA2762,535,3813,35,618,1451,328,2167
POA2763,4867,29848,32,710,1801,360,2167
POA2765,1861,14841,37,582,1310,300,2167
POA2766,2011,14179,34,526,1403,320,2000
POA2767,2838,19504,33,521,1372,240,2100
POA2768,4587,26462,32,775,2159,490,2600
POA2769,526,2932,30,1008,2468,600,3200
POA2770,6915,60344,30,394,950,220,1636
POA2773,888,5857,39,731,1884,330,2058
POA2774,1829,12649,39,678,1620,313,2000
POA2775,128,1543,45,498,825,200,1733
POA2776,568,3990,39,656,1578,300,1990
POA2777,2435,17781,40,644,1518,310,1993
POA2778,325,2433,41,640,1493,300,1842
POA2779,605,4534,38,588,1244,277,1777
POA2780,1043,12920,45,493,877,250,1610
POA2782,583,5935,48,533,1001,300,1880
POA2783,330,2886,41,544,1107,265,1733
POA2784,149,1214,42,555,1271,280,1500
POA2785,350,4569,47,530,919,250,1625
POA2786,98,993,46,447,865,250,1300
POA2787,470,4234,41,518,969,170,1517
POA2790,1471,14815,42,452,874,175,1430
POA2791,83,694,39,574,1233,110,1744
POA2792,49,497,41,456,894,125,1100
POA2793,99,1133,51,379,702,150,975
POA2794,997,10003,44,421,792,160,1100
POA2795,4280,39878,36,546,1143,215,1634
POA2797,15,219,50,410,945,150,981
POA2798,307,2384,38,639,1485,200,1733
POA2799,444,3842,40,503,1026,170,1430
POA2800,4671,41362,36,589,1189,230,1644
POA2803,25,303,51,397,726,0,800
POA2804,263,2625,45,413,812,133,1083
POA2805,30,294,47,363,617,145,1092
POA2806,96,913,47,447,774,92,1000
POA2807,19,259,46,322,574,150,507
POA2808,19,227,53,391,753,100,800
POA2809,37,319,43,366,717,50,1387
POA2810,295,2975,48,388,720,119,867
POA2820,716,7877,41,405,758,132,1157
POA2821,510,4942,39,500,865,160,1112
POA2823,134,1407,40,470,807,110,652
POA2824,239,2324,42,475,842,120,867
POA2825,295,2690,39,480,913,150,1083
POA2827,340,3585,44,403,741,126,975
POA2828,48,582,44,366,653,125,1083
POA2829,279,3177,40,462,839,120,780
POA2830,4177,37735,36,579,1099,200,1512
POA2831,448,3889,41,480,928,55,1300
POA2832,241,2746,36,451,966,100,888
POA2833,72,767,39,430,905,100,433
POA2834,169,2492,48,350,541,120,834
POA2835,456,4242,35,637,1385,150,1387
POA2836,81,927,32,373,817,65,0
POA2839,121,1415,32,378,777,90,650
POA2840,261,2866,35,600,1085,80,867
POA2842,38,450,51,323,584,111,675
POA2843,142,1278,42,406,788,110,867
POA2844,133,1429,45,374,712,110,867
POA2845,228,1902,39,491,1131,165,1517
POA2846,33,370,48,393,684,100,1153
POA2847,234,2308,43,412,902,170,1430
POA2848,162,1727,45,347,584,160,1000
POA2849,160,1601,49,395,740,160,1517
POA2850,1731,15945,41,479,985,230,1654
POA2852,387,3358,40,429,948,200,1430
POA2864,159,1148,42,581,1241,155,1400
POA2865,82,729,39,473,949,103,1300
POA2866,328,2797,40,510,1002,170,1400
POA2867,71,613,43,436,834,85,780
POA2868,50,519,40,380,657,90,1041
POA2869,120,1477,47,366,673,100,900
POA2870,1311,12218,38,487,947,160,1343
POA2871,868,8890,41,458,827,150,1135
POA2873,58,635,50,378,648,50,693
POA2874,46,373,47,442,686,26,433
POA2875,112,1039,44,398,819,75,1000
POA2876,30,307,43,366,718,100,710
POA2877,443,4123,40,448,832,120,867
POA2878,13,200,37,500,862,95,200
POA2879,66,860,44,397,780,63,542
POA2880,1724,19211,43,421,791,150,953
POA2898,36,358,48,629,924,125,1102
POA3000,490,20627,26,545,994,402,1950
POA3002,216,4714,36,1164,1989,415,2383
POA3003,176,3744,30,800,1704,441,2400
POA3004,374,7738,34,1103,1921,450,2167
POA3005,22,693,30,1056,1944,500,2167
POA3006,454,11302,29,988,1838,496,2300
POA3008,245,5096,31,1062,1915,501,2800
POA3010,8,1518,20,131,3250,0,0
POA3011,1582,18053,33,557,1181,270,2000
POA3012,2385,23126,34,546,1162,262,1903
POA3013,1664,13747,36,767,1583,323,2200
POA3015,2029,16157,36,761,1626,321,2150
POA3016,2033,14748,41,753,1699,306,2167
POA3018,1307,11779,42,573,1160,280,1850
POA3019,805,8180,32,339,792,217,1517
POA3020,4555,40552,36,376,929,250,1500
POA3021,6137,51783,35,361,907,250,1365
POA3022,263,2823,37,416,895,250,1450
POA3023,8305,55702,31,605,1423,310,1950
POA3024,2374,17996,30,652,1356,277,1700
POA3025,1219,11378,39,393,910,271,2000
POA3026,0,94,52,450,612,180,0
POA3027,454,3223,30,811,1842,321,2194
POA3028,3626,27780,36,517,1221,271,1500
POA3029,9685,68425,31,618,1402,285,1733
POA3030,11233,77755,32,648,1470,277,1907
POA3031,1407,17245,32,762,1401,290,2167
POA3032,2833,25343,33,709,1512,311,2167
POA3033,1795,13258,42,508,1226,310,1733
POA3034,1460,10989,43,440,1100,300,1788
POA3036,858,5842,43,644,1541,325,2000
POA3037,7717,46878,31,603,1491,300,1835
POA3038,4621,28158,38,525,1505,300,1560
POA3039,1671,13531,37,763,1611,321,2167
POA3040,3124,23868,38,719,1571,300,2167
POA3041,1642,11331,39,680,1634,330,2000
POA3042,1760,14372,40,555,1204,300,1800
POA3043,2134,17350,39,542,1150,285,1733
POA3044,3099,24421,37,585,1283,315,1954
POA3045,9,142,39,730,733,0,2167
POA3046,3463,30802,36,451,1004,290,1777
POA3047,2143,19000,32,324,762,245,1300
POA3048,2572,18107,30,319,867,271,1400
POA3049,1243,8784,38,595,1388,282,1733
POA3051,652,11755,29,613,1230,336,2000
POA3052,257,4673,29,533,1480,370,2100
POA3053,394,13509,25,366,633,344,1907
POA3054,616,8296,32,840,1740,414,2400
POA3055,1262,13148,34,651,1232,277,1950
POA3056,1891,22763,33,685,1433,350,2000
POA3057,729,8477,33,741,1468,358,2100
POA3058,3706,31550,36,530,1268,320,1950
POA3059,2230,11968,36,549,1730,370,2000
POA3060,1514,12596,37,362,865,281,1613
POA3061,689,5466,34,310,786,235,1500
POA3062,0,3,64,0,0,0,0
POA3063,96,679,40,565,1534,360,2000
POA3064,8353,53173,29,528,1349,315,1818
POA3065,491,9430,33,788,1483,350,2300
POA3066,313,6467,32,743,1278,278,2167
POA3067,360,4907,35,858,1797,391,2253
POA3068,1554,17267,35,879,1782,380,2167
POA3070,2574,22920,36,736,1563,346,2011
POA3071,1837,17436,36,640,1275,290,2000
POA3072,3334,29925,36,518,1155,300,1890
POA3073,5232,47635,38,434,972,275,1733
POA3074,2689,20330,38,360,900,271,1517
POA3075,2528,19873,38,361,919,280,1585
POA3076,3869,26345,32,542,1283,300,1800
POA3078,1266,10549,36,743,1538,300,2000
POA3079,2049,14848,39,748,1709,323,2167
POA3081,1236,13445,35,452,938,245,1733
POA3082,4778,30517,35,538,1368,301,1600
POA3083,3498,28072,36,473,1172,320,1800
POA3084,3316,24272,40,672,1551,325,2000
POA3085,1830,13738,37,658,1458,293,1993
POA3086,0,1002,20,173,0,0,0
POA3087,1149,8984,38,589,1300,294,1755
POA3088,3764,26464,38,646,1524,301,1800
POA3089,1870,11503,36,691,1860,330,1950
POA3090,385,2094,38,696,2215,251,2400
POA3091,246,1511,42,667,1930,135,2200
POA3093,461,3782,42,724,1584,290,2000
POA3094,1173,8759,39,678,1457,300,1850
POA3095,4519,27642,39,716,1923,330,1950
POA3096,323,1947,39,624,1726,323,1810
POA3097,197,1295,42,682,1773,265,1941
POA3099,756,4879,39,661,1589,250,1760
POA3101,2937,23877,39,841,2022,385,2433
POA3102,882,6017,39,758,1807,371,2200
POA3103,2133,15323,42,650,1563,355,2253
POA3104,3141,20316,41,629,1787,415,2243
POA3105,1537,10869,43,510,1225,350,2000
POA3106,2590,16483,43,615,1789,386,2167
POA3107,1832,13152,44,571,1429,368,2149
POA3108,2386,18360,44,525,1242,369,2000
POA3109,3962,27046,41,533,1356,359,2000
POA3111,1733,11794,42,631,1614,350,2123
POA3113,1410,8476,40,718,2074,380,2000
POA3114,620,3717,41,720,2329,520,2167
POA3115,664,3833,40,725,2221,350,2000
POA3116,1224,9124,40,587,1418,330,1760
POA3121,1814,26121,33,927,1731,370,2380
POA3122,1897,21178,31,830,1627,340,2200
POA3123,1409,13101,33,862,1833,355,2400
POA3124,2840,20029,41,792,2122,387,2500
POA3125,1359,13164,34,411,1100,325,2000
POA3126,1116,7857,44,805,2352,370,2817
POA3127,2649,18089,39,769,1961,358,2206
POA3128,1875,17370,34,499,1132,301,2000
POA3129,2095,16061,38,577,1330,335,2000
POA3130,4084,30408,40,591,1387,323,1987
POA3131,2627,21001,39,563,1202,300,1873
POA3132,1903,14812,38,651,1424,310,1900
POA3133,3145,21317,42,578,1459,350,1900
POA3134,4210,31101,38,618,1393,290,1798
POA3135,2336,19003,39,620,1297,290,1790
POA3136,5146,40962,38,597,1267,291,1733
POA3137,1669,13096,38,578,1211,280,1647
POA3138,2897,20690,35,595,1360,294,1733
POA3139,1904,13544,37,565,1219,246,1517
POA3140,2112,15649,37,591,1284,275,1733
POA3141,998,19135,33,1024,1694,360,2291
POA3142,1162,12871,43,1031,1977,380,2700
POA3143,763,8760,36,953,1713,350,2500
POA3144,1337,10306,39,919,2047,360,2800
POA3145,2781,21300,36,699,1663,350,2383
POA3146,3487,24948,37,837,1965,351,2383
POA3147,1860,13647,38,609,1469,300,2167
POA3148,854,7820,33,509,1234,330,2000
POA3149,4355,32077,41,567,1369,360,2000
POA3150,8400,58305,42,540,1418,370,2000
POA3151,1280,10141,40,459,1174,350,1841
POA3152,4673,31237,41,574,1463,331,1741
POA3153,2362,19659,36,594,1186,275,1657
POA3154,585,4229,37,649,1455,255,1636
POA3155,2341,20825,39,588,1162,290,1690
POA3156,5082,35655,38,603,1392,285,1733
POA3158,1004,6963,37,640,1537,280,1681
POA3159,398,2573,38,652,1578,270,1733
POA3160,1282,9093,37,622,1452,254,1625
POA3161,1666,14554,37,822,1735,350,2210
POA3162,2139,16434,40,707,1547,360,2232
POA3163,3278,29553,34,664,1287,300,2000
POA3165,3686,25924,40,595,1406,363,2037
POA3166,2795,22342,35,557,1340,340,2000
POA3167,1283,9140,39,499,1272,304,1896
POA3168,1307,16893,28,357,962,320,1800
POA3169,2472,19089,36,414,1116,291,1733
POA3170,2531,17647,39,543,1348,321,1923
POA3171,2304,19770,34,352,884,260,1500
POA3172,3058,22368,38,482,1155,278,1700
POA3173,3043,19885,37,481,1253,300,1800
POA3174,4067,35769,35,412,927,250,1500
POA3175,5884,47994,35,393,899,249,1500
POA3177,1093,10255,35,370,819,240,1300
POA3178,5889,34777,36,634,1699,350,1820
POA3179,901,5890,36,596,1486,318,1733
POA3180,936,7140,40,598,1310,326,1700
POA3181,1068,18262,34,927,1560,360,2253
POA3182,942,20645,33,961,1488,340,2121
POA3183,1379,17954,32,840,1449,325,2058
POA3184,1123,14637,34,1061,1715,350,2200
POA3185,1331,12220,37,811,1497,325,2167
POA3186,2759,21257,44,883,2200,450,3000
POA3187,2257,15814,43,730,1797,441,2492
POA3188,2322,16876,40,699,1653,330,2346
POA3189,681,5282,39,593,1294,328,2000
POA3190,1292,10264,39,662,1384,321,2167
POA3191,1270,9309,42,783,1836,385,2500
POA3192,2535,20292,40,597,1233,311,1950
POA3193,2675,18772,44,746,1845,411,2400
POA3194,1354,11667,41,664,1288,290,2000
POA3195,4897,34102,39,674,1492,301,2000
POA3196,2666,23590,39,623,1179,276,1800
POA3197,1344,11188,41,649,1305,320,1950
POA3198,1571,16033,39,559,1006,250,1553
POA3199,5636,52626,40,541,1043,260,1600
POA3200,446,5626,39,382,762,225,1180
POA3201,2312,19121,34,591,1184,290,1600
POA3202,434,2769,37,713,1752,415,2000
POA3204,4026,28184,38,661,1538,346,2100
POA3205,644,9317,37,920,1670,400,2500
POA3206,1072,10016,40,1037,2103,450,3000
POA3207,1210,14521,38,1091,1997,450,2513
POA3211,205,1393,40,600,1393,180,1733
POA3212,1868,14145,36,580,1392,270,1647
POA3214,2191,23440,36,371,752,185,1153
POA3215,2133,19820,41,464,957,240,1495
POA3216,6204,52003,39,554,1181,250,1614
POA3217,157,1254,26,502,1578,380,1800
POA3218,1300,12611,36,592,1062,225,1517
POA3219,1962,20053,39,485,889,210,1335
POA3220,1682,15287,40,644,1286,260,1733
POA3221,1128,7925,41,546,1334,220,1733
POA3222,1432,12065,44,492,1035,257,1500
POA3223,514,6497,55,409,763,235,1517
POA3224,1308,10111,39,546,1191,275,1570
POA3225,345,3880,54,565,1010,242,1500
POA3226,1519,12555,40,586,1197,275,1625
POA3227,535,4332,41,676,1432,300,1800
POA3228,1958,14649,37,673,1440,330,2000
POA3230,239,2453,48,530,959,240,1700
POA3231,165,1420,46,546,1003,185,1408
POA3232,85,1046,50,539,912,270,1300
POA3233,135,1736,50,493,840,220,1300
POA3235,46,372,40,530,942,100,1395
POA3236,22,237,46,390,763,180,1250
POA3237,44,479,46,418,835,140,1083
POA3238,20,204,47,519,971,50,660
POA3239,41,381,49,453,909,170,1300
POA3240,336,2081,39,588,1483,150,1517
POA3241,230,2234,44,449,933,200,1213
POA3242,89,741,44,517,928,160,1408
POA3243,72,635,47,534,1125,145,867
POA3249,371,2904,42,528,1051,100,1100
POA3250,1223,11778,40,498,905,180,1278
POA3251,65,655,48,392,766,125,1083
POA3254,58,382,32,515,943,140,1083
POA3260,446,4457,44,466,854,150,1124
POA3264,245,2348,44,459,845,150,1040
POA3265,376,2777,36,542,1158,120,1300
POA3266,418,3427,40,515,998,125,1000
POA3267,43,289,36,585,1156,0,590
POA3268,309,2552,39,545,1076,130,1083
POA3269,122,970,38,554,992,120,1400
POA3270,3,144,56,652,870,175,470
POA3272,166,1668,46,448,801,160,940
POA3273,16,122,49,592,1228,0,597
POA3274,42,354,42,482,815,60,896
POA3275,69,474,37,503,1115,100,1517
POA3276,75,508,38,602,1199,100,1192
POA3277,249,1891,36,634,1301,165,1473
POA3278,63,453,41,548,1375,160,1083
POA3280,3134,29966,38,525,1005,220,1500
POA3281,274,1738,37,628,1431,160,1500
POA3282,293,2312,40,545,1122,200,1300
POA3283,138,946,38,577,1151,100,1304
POA3284,281,3093,49,510,927,200,1594
POA3285,168,1260,43,504,1174,161,1300
POA3286,72,619,44,475,826,100,945
POA3287,62,433,42,518,1077,90,867
POA3289,71,733,48,417,900,100,780
POA3292,28,310,53,394,789,145,650
POA3293,29,262,47,497,806,0,521
POA3294,73,752,45,473,830,120,1083
POA3300,1023,10104,43,512,904,170,1125
POA3301,227,1648,42,616,1242,93,1790
POA3302,67,554,43,497,955,125,860
POA3303,54,418,41,500,900,80,835
POA3304,260,2473,44,442,808,135,1083
POA3305,1373,12650,41,489,958,180,1300
POA3309,28,222,43,468,911,175,1051
POA3310,35,364,49,385,766,0,338
POA3311,136,1763,51,377,666,110,790
POA3312,125,947,44,491,904,25,670
POA3314,105,778,39,551,1053,38,1086
POA3315,182,1655,49,405,762,100,847
POA3317,32,317,47,410,722,0,650
POA3318,100,975,48,465,695,120,895
POA3319,26,324,50,594,955,50,2000
POA3321,177,1182,39,533,1310,190,1517
POA3324,51,560,53,372,659,75,480
POA3325,50,514,47,387,695,86,820
POA3328,212,1480,39,585,1417,230,1700
POA3329,48,313,40,530,1160,150,759
POA3330,51,436,44,450,991,45,958
POA3331,628,4192,36,610,1467,260,1733
POA3332,140,949,36,606,1360,250,1424
POA3333,84,738,41,543,1066,150,1408
POA3334,57,490,45,514,988,147,1562
POA3335,214,1761,39,451,1012,170,1300
POA3337,3964,31873,32,559,1167,250,1517
POA3338,1826,15804,33,529,1096,240,1500
POA3340,2385,17994,38,559,1220,220,1600
POA3341,217,1523,40,597,1454,160,1700
POA3342,377,3125,41,479,1034,190,1412
POA3345,161,1219,44,479,1204,220,1430
POA3350,5654,54341,36,530,1045,220,1378
POA3351,1020,7723,41,488,1064,130,1317
POA3352,2010,14628,39,560,1227,180,1486
POA3355,1138,13021,40,435,783,180,1157
POA3356,1356,14332,36,456,835,190,1300
POA3357,428,3244,39,596,1327,230,1455
POA3360,81,792,45,408,777,125,855
POA3361,107,926,48,410,747,100,769
POA3363,340,3302,43,450,905,175,1193
POA3364,244,2034,45,496,1039,160,1226
POA3370,139,1654,48,385,716,150,1083
POA3371,119,1197,49,372,733,100,900
POA3373,161,1811,51,387,703,131,867
POA3374,59,570,45,517,1026,100,1094
POA3375,28,248,50,427,700,63,1733
POA3377,834,8682,43,491,865,165,1083
POA3378,40,331,47,590,1093,69,900
POA3379,59,586,49,397,644,20,694
POA3380,593,6150,43,452,823,150,953
POA3381,83,978,51,513,889,148,1192
POA3384,87,830,46,425,790,115,892
POA3385,66,591,45,504,1051,115,650
POA3387,43,330,47,414,866,0,650
POA3388,59,549,45,415,711,100,509
POA3390,110,991,47,444,795,130,789
POA3391,30,262,43,402,908,0,1049
POA3392,64,669,49,366,742,100,542
POA3393,248,2744,48,450,751,130,780
POA3395,64,640,48,465,804,50,396
POA3396,46,556,51,439,814,130,663
POA3400,1409,14284,39,525,904,170,1170
POA3401,627,4526,41,554,1190,80,1343
POA3407,35,325,45,522,884,75,650
POA3409,110,1078,49,532,938,80,768
POA3412,18,220,55,331,568,50,583
POA3413,34,254,40,523,971,0,260
POA3414,165,1664,49,396,774,140,889
POA3418,294,2799,45,501,886,130,823
POA3419,106,1061,45,448,785,95,729
POA3420,40,304,41,566,912,0,433
POA3423,59,632,49,338,645,103,650
POA3424,77,738,49,404,713,73,509
POA3427,305,2276,39,565,1169,231,1300
POA3428,85,652,42,583,1375,150,1540
POA3429,4828,34575,36,631,1438,275,1700
POA3430,58,437,43,562,1197,225,1400
POA3431,585,3752,39,674,1637,250,1750
POA3433,50,322,37,729,1788,190,1733
POA3434,621,4411,38,589,1401,250,1517
POA3435,326,2707,43,549,1212,210,1600
POA3437,1293,8698,39,656,1679,280,1900
POA3438,365,2380,36,632,1623,350,2000
POA3440,268,1864,42,635,1490,288,1733
POA3441,173,1323,46,715,1783,300,2000
POA3442,958,7190,42,617,1446,250,1705
POA3444,927,8494,44,504,1022,205,1517
POA3446,63,612,39,462,951,200,1300
POA3447,49,462,45,468,896,250,1200
POA3448,73,670,49,472,981,250,1300
POA3450,591,6750,48,465,777,210,1213
POA3451,519,4805,43,477,922,200,1213
POA3453,176,1549,45,514,973,200,1300
POA3458,171,1713,48,446,900,200,1300
POA3460,186,2569,49,462,755,200,1213
POA3461,379,3954,46,467,862,190,1278
POA3462,93,989,50,414,763,150,1105
POA3463,264,2853,51,426,826,150,1083
POA3464,132,1142,44,413,836,138,867
POA3465,777,8649,48,387,689,160,901
POA3467,119,1263,50,374,617,135,1009
POA3468,25,236,44,384,589,135,650
POA3469,31,419,50,374,654,85,954
POA3472,94,1405,54,348,565,130,824
POA3475,33,300,51,329,665,88,401
POA3477,42,396,49,348,700,90,680
POA3478,292,3030,48,397,713,130,867
POA3480,170,1692,48,411,740,110,867
POA3482,64,456,41,446,863,50,488
POA3483,63,662,46,438,735,100,634
POA3485,16,191,48,350,666,100,483
POA3490,104,1084,48,446,803,120,780
POA3491,46,430,46,393,787,20,650
POA3494,74,640,43,530,940,100,953
POA3496,681,5851,40,429,859,143,1083
POA3498,658,5015,40,501,1012,170,1300
POA3500,2982,30648,37,462,854,180,1300
POA3501,282,1930,38,514,1202,160,1365
POA3505,527,4642,42,427,855,160,1161
POA3507,56,417,44,510,988,100,867
POA3509,21,199,46,485,888,200,420
POA3512,50,550,49,478,856,36,867
POA3515,137,901,39,530,1181,185,1497
POA3516,89,757,45,424,937,150,1430
POA3517,125,1510,51,374,689,78,650
POA3518,102,1296,52,356,586,101,685
POA3520,13,248,60,307,436,0,433
POA3521,90,736,38,454,982,0,1395
POA3522,47,406,48,391,958,116,1083
POA3523,283,3501,52,369,699,150,1083
POA3525,119,1288,50,405,766,120,791
POA3527,72,789,51,354,610,100,542
POA3530,42,341,41,416,787,56,693
POA3531,41,320,44,462,868,45,542
POA3533,83,847,45,450,774,75,650
POA3537,115,1173,49,397,819,90,758
POA3540,34,361,46,389,806,60,570
POA3542,33,224,43,422,785,80,0
POA3544,44,333,44,476,916,120,596
POA3546,53,479,46,488,906,100,433
POA3549,378,3753,36,454,896,150,1055
POA3550,3720,40145,38,515,968,210,1300
POA3551,3564,24132,37,605,1390,250,1522
POA3555,1816,18409,38,491,901,200,1300
POA3556,1123,11183,39,453,812,179,1200
POA3557,85,610,39,554,1140,165,1257
POA3558,91,972,47,384,704,150,683
POA3559,64,562,50,398,842,100,867
POA3561,527,4752,45,474,924,140,1170
POA3562,33,283,42,388,814,0,1550
POA3563,90,779,44,406,745,126,780
POA3564,1603,15199,41,510,944,200,1473
POA3566,64,523,43,376,741,100,1083
POA3567,73,619,43,408,843,110,1000
POA3568,273,2812,49,451,823,125,1083
POA3570,71,596,44,450,903,150,975
POA3571,40,321,40,351,693,50,650
POA3572,32,208,39,454,755,75,1000
POA3573,62,516,44,397,782,90,1278
POA3575,89,880,45,385,661,90,737
POA3579,503,5265,46,413,739,130,867
POA3580,62,769,53,416,697,140,1127
POA3581,45,314,42,416,861,120,1213
POA3584,146,1321,40,448,868,150,1083
POA3585,1096,10744,38,508,894,170,1300
POA3586,104,752,39,514,951,150,1452
POA3588,35,310,39,437,824,165,910
POA3589,53,371,36,406,943,100,800
POA3590,51,373,40,504,977,300,1083
POA3591,41,271,42,522,979,0,910
POA3594,48,483,44,403,692,120,689
POA3595,72,680,43,369,684,110,698
POA3596,20,141,36,394,885,170,1150
POA3597,78,583,41,419,927,0,843
POA3608,204,2299,49,455,810,187,1300
POA3610,165,1675,42,462,856,150,1083
POA3612,141,1682,49,381,697,145,975
POA3614,111,752,38,589,1462,210,1655
POA3616,572,5065,41,492,967,175,1300
POA3617,40,291,45,453,1023,130,1268
POA3618,88,674,38,410,922,180,997
POA3620,852,8027,42,456,845,164,1300
POA3621,239,2193,40,454,869,150,1131
POA3622,36,328,44,454,982,90,1300
POA3623,93,914,49,386,805,125,1008
POA3624,70,592,44,424,775,140,893
POA3629,947,9153,38,479,871,170,1300
POA3630,3035,29553,36,495,925,195,1300
POA3631,1415,10162,39,589,1360,220,1686
POA3633,93,628,40,558,1327,130,1517
POA3634,255,1759,39,558,1189,170,1337
POA3635,74,635,43,458,934,165,1200
POA3636,572,5415,43,441,811,160,1148
POA3637,88,672,39,461,866,100,878
POA3638,201,2037,46,427,761,154,979
POA3639,38,512,52,343,652,100,867
POA3640,162,1135,36,475,962,116,1127
POA3641,119,1078,42,453,921,140,1040
POA3644,897,8780,42,441,835,173,1300
POA3646,96,777,43,514,1006,148,1200
POA3649,47,433,44,477,949,150,730
POA3658,683,5832,40,504,1047,200,1328
POA3659,94,790,46,571,1212,120,1625
POA3660,670,7418,43,464,848,160,1192
POA3662,186,1154,24,960,1691,219,1343
POA3663,30,213,48,632,1274,135,1600
POA3664,120,1047,45,520,1022,165,1298
POA3666,430,4868,50,447,814,144,1083
POA3669,87,1084,53,437,797,150,1083
POA3670,80,663,49,500,900,120,1073
POA3672,943,10331,46,459,793,175,1213
POA3673,169,1510,49,496,967,100,1121
POA3675,184,1467,44,542,1106,135,1517
POA3677,1728,17171,41,485,846,180,1300
POA3678,831,6262,45,536,1101,126,1387
POA3682,85,652,41,478,994,178,1300
POA3683,179,1640,45,524,985,185,1300
POA3685,272,2479,44,529,967,155,1326
POA3687,92,891,42,529,900,185,1400
POA3688,171,1248,40,589,1302,210,1300
POA3690,3348,30550,35,552,1022,205,1408
POA3691,1156,8396,37,661,1407,203,1649
POA3694,43,583,25,706,1275,230,1656
POA3695,56,443,41,659,1337,100,1517
POA3697,70,589,49,493,973,110,1192
POA3698,88,838,50,505,862,162,1203
POA3699,63,1041,41,510,732,185,827
POA3700,105,1170,48,432,830,155,910
POA3701,118,1071,46,491,932,100,1083
POA3705,43,413,48,417,775,0,1083
POA3707,166,1698,48,405,708,130,867
POA3709,22,303,55,394,686,90,780
POA3711,27,259,47,382,887,220,1509
POA3712,32,362,51,509,746,160,1150
POA3713,63,982,53,397,701,165,1300
POA3714,327,3249,48,469,874,165,1307
POA3715,23,303,52,482,850,60,1140
POA3717,255,2657,49,433,814,200,1300
POA3719,56,548,48,482,986,135,1322
POA3720,48,520,49,413,780,165,1257
POA3722,442,4360,44,518,920,190,1300
POA3723,207,2968,43,474,841,120,1083
POA3725,37,347,47,495,909,110,1142
POA3726,95,852,48,453,923,150,1213
POA3727,47,367,48,416,767,60,867
POA3728,62,560,47,423,740,115,1083
POA3730,747,8003,47,449,835,185,1387
POA3732,46,430,43,446,876,76,737
POA3733,44,421,50,484,988,130,1300
POA3735,71,519,44,454,961,100,1430
POA3737,441,4249,47,438,791,160,1250
POA3739,34,376,47,481,985,140,1582
POA3740,114,953,44,476,828,180,1200
POA3741,269,3071,48,473,825,180,1250
POA3744,36,297,46,484,1083,170,1018
POA3746,17,233,57,435,660,185,949
POA3747,401,4218,48,498,957,190,1517
POA3749,233,1854,45,553,1252,135,1500
POA3750,73,510,37,591,1355,284,2400
POA3751,41,337,46,582,1462,427,1600
POA3752,3387,20873,31,669,1576,340,2000
POA3753,137,872,37,602,1533,320,2000
POA3754,2833,17787,29,788,1721,360,2167
POA3755,44,300,42,654,1325,160,1800
POA3756,1313,9255,33,635,1412,300,1780
POA3757,1142,7986,38,573,1301,260,1783
POA3758,331,2140,36,590,1440,200,1733
POA3759,190,1159,41,662,1616,220,2000
POA3760,66,388,42,643,1211,125,1600
POA3761,172,1137,41,638,1485,250,1832
POA3763,184,1346,37,539,1165,80,1548
POA3764,950,7534,38,540,1230,245,1677
POA3765,945,6732,40,612,1391,250,1722
POA3766,162,1208,40,707,1528,275,1800
POA3767,153,1237,44,577,1344,300,1733
POA3770,474,3189,38,614,1368,250,1733
POA3775,490,3490,39,606,1314,260,1690
POA3777,1206,10332,41,507,1026,230,1517
POA3778,44,471,47,453,805,120,1950
POA3779,19,222,52,418,818,325,2100
POA3781,620,4400,36,598,1303,265,1517
POA3782,1110,7770,40,578,1430,273,1625
POA3783,298,2148,40,527,1310,230,1800
POA3785,0,0,0,0,0,0,0
POA3786,221,1535,40,677,1679,325,1733
POA3787,172,1148,42,670,1642,260,1921
POA3788,214,1664,42,669,1418,300,1800
POA3789,37,269,49,692,1442,300,2167
POA3791,211,1557,42,630,1510,250,1842
POA3792,158,1039,44,656,1627,176,1500
POA3793,439,3456,40,526,1171,250,1525
POA3795,169,1220,39,539,1143,175,1712
POA3796,1387,9375,36,615,1417,275,1647
POA3797,369,3202,41,465,969,220,1500
POA3799,600,6016,41,429,825,224,1300
POA3800,4,812,20,94,3750,210,0
POA3802,3829,24574,36,501,1322,300,1653
POA3803,1403,10162,35,465,1156,285,1577
POA3804,1122,6704,40,616,1956,289,2167
POA3805,8597,54480,32,589,1424,300,1733
POA3806,6888,45550,35,655,1566,320,1950
POA3807,1127,6790,35,652,1662,265,1939
POA3808,479,2977,41,700,1883,250,2000
POA3809,234,1763,31,755,1762,300,2080
POA3810,4531,35307,31,605,1237,291,1777
POA3812,333,2269,41,587,1386,180,1863
POA3813,150,1105,40,533,1393,185,2058
POA3814,258,1917,39,522,1129,230,1517
POA3815,396,2913,41,516,1236,200,1650
POA3816,228,1972,37,507,1071,205,1517
POA3818,1386,12090,40,500,991,220,1517
POA3820,1587,14073,40,529,993,205,1387
POA3821,351,2547,43,528,1242,150,1344
POA3822,144,1039,39,573,1290,93,1467
POA3823,198,1784,42,492,1060,180,1300
POA3824,540,4635,41,507,1046,200,1360
POA3825,2023,20323,42,410,792,140,1049
POA3831,174,1451,44,515,1051,170,1600
POA3832,48,418,50,516,1098,100,1733
POA3833,22,318,45,365,605,113,1018
POA3835,66,505,43,572,1210,100,997
POA3840,1577,16617,40,409,793,150,1040
POA3842,490,4943,33,393,905,160,986
POA3844,3184,27594,36,565,1186,200,1354
POA3847,241,2170,41,455,906,150,1200
POA3850,1532,14257,38,521,956,195,1300
POA3851,427,4950,42,417,864,150,1200
POA3852,7,118,25,939,1062,140,856
POA3854,217,1506,37,622,1592,130,1365
POA3856,116,915,40,559,1220,185,1200
POA3857,47,374,36,606,1169,0,1127
POA3858,322,2886,41,448,843,140,1083
POA3859,111,912,40,470,1069,140,1100
POA3860,755,6970,41,472,900,160,1192
POA3862,375,3129,43,495,972,165,1250
POA3864,46,390,46,455,888,90,1200
POA3865,45,392,45,472,937,210,1192
POA3869,193,1481,41,540,1276,140,1300
POA3870,184,1524,46,441,973,163,964
POA3871,334,2862,43,445,964,175,1192
POA3873,55,443,46,587,1259,100,1200
POA3874,43,490,51,431,804,165,650
POA3875,1696,16651,43,479,873,190,1300
POA3878,57,741,55,450,886,200,1350
POA3880,275,3798,58,413,744,200,1083
POA3882,92,955,51,472,861,148,1040
POA3885,206,1786,46,399,797,100,1200
POA3886,59,441,42,392,745,110,1083
POA3887,38,341,47,385,678,70,867
POA3888,354,3749,47,397,715,135,900
POA3889,16,288,52,404,595,80,867
POA3890,5,168,46,322,607,81,542
POA3891,13,168,48,376,814,0,1111
POA3892,84,1032,54,392,663,150,1395
POA3895,13,172,53,420,708,95,1430
POA3896,44,420,48,395,773,65,867
POA3898,48,629,41,550,980,150,1083
POA3900,18,250,50,372,656,100,802
POA3902,27,348,56,388,731,140,1300
POA3903,52,625,53,398,755,160,1325
POA3904,87,1222,55,513,873,215,1300
POA3909,683,7744,48,398,762,200,1300
POA3910,3049,21370,35,629,1385,280,1733
POA3911,441,3270,37,575,1223,230,1570
POA3912,2034,14605,38,567,1315,270,1620
POA3913,438,3307,38,567,1317,275,1720
POA3915,893,9030,37,455,865,230,1517
POA3916,65,587,51,684,1571,260,975
POA3918,462,3378,38,545,1292,240,1733
POA3919,338,2839,36,533,1058,250,1455
POA3920,47,1085,21,740,1725,225,0
POA3921,4,120,50,296,414,0,1196
POA3922,597,6798,47,471,813,220,1350
POA3923,57,671,53,466,936,280,1900
POA3925,287,3015,44,511,972,250,1500
POA3926,393,3297,46,586,1196,260,1733
POA3927,162,1426,48,630,1377,270,1450
POA3928,58,468,47,697,1365,208,2050
POA3929,71,861,56,661,1328,260,2000
POA3930,2458,17247,43,661,1695,354,2167
POA3931,2354,22421,43,555,1026,280,1733
POA3933,150,1031,45,626,1650,277,2000
POA3934,2295,17087,41,617,1415,346,1950
POA3936,814,9014,49,485,906,270,1517
POA3937,225,1903,48,644,1503,241,1842
POA3938,228,2543,52,535,997,260,1625
POA3939,1200,13616,48,428,770,240,1517
POA3940,271,4580,58,390,641,238,1343
POA3941,1102,11704,45,466,849,250,1517
POA3942,178,2162,55,514,890,275,1517
POA3943,88,1448,63,539,892,237,1420
POA3944,22,445,65,962,1874,550,2167
POA3945,110,967,48,520,1101,180,1200
POA3950,471,4621,43,456,885,185,1335
POA3951,116,933,45,538,1043,125,1500
POA3953,761,7282,42,538,984,206,1343
POA3954,51,384,44,629,1408,0,1300
POA3956,214,2217,47,404,746,180,1144
POA3957,52,446,43,450,939,160,2418
POA3958,63,497,44,619,1138,34,1300
POA3959,111,992,47,475,897,109,1250
POA3960,215,2287,51,456,801,155,1213
POA3962,104,1148,50,399,710,124,1109
POA3965,9,182,61,420,570,125,660
POA3966,63,674,50,411,793,150,1300
POA3971,354,4002,49,416,747,150,1083
POA3975,1958,11666,31,698,1705,350,2167
POA3976,3538,23768,32,507,1165,282,1517
POA3977,9153,67424,32,605,1297,285,1777
POA3978,172,1219,40,563,1353,200,1733
POA3979,84,666,46,575,1073,168,1733
POA3980,419,3059,37,606,1234,240,1668
POA3981,560,4261,38,521,1115,193,1636
POA3984,440,4757,46,422,774,190,1300
POA3987,173,1333,39,544,1157,230,1365
POA3988,113,894,40,521,1032,165,1343
POA3991,48,411,47,461,877,160,1083
POA3992,69,604,39,525,1014,195,1292
POA3995,888,9135,44,445,814,220,1300
POA3996,450,4959,49,529,965,295,1517
POA4000,568,14332,29,832,1746,475,2400
POA4005,606,11330,36,925,1619,350,2200
POA4006,603,14724,32,1005,1868,420,2300
POA4007,1007,10452,38,922,1779,340,2500
POA4008,25,352,42,663,1071,270,865
POA4009,0,0,0,900,0,0,0
POA4010,130,1987,33,819,1495,350,2020
POA4011,1492,14423,36,838,1616,330,2232
POA4012,2017,19817,35,765,1441,330,2167
POA4013,465,4304,34,725,1406,300,2167
POA4014,1278,10777,36,671,1494,350,2100
POA4017,4443,35809,39,636,1372,325,1950
POA4018,965,8907,37,649,1212,345,1950
POA4019,1751,19007,42,518,911,260,1733
POA4020,1972,20375,45,536,982,280,1805
POA4021,1036,9929,39,497,994,300,1625
POA4022,750,6682,36,508,1101,320,1900
POA4025,0,300,44,591,617,0,1300
POA4030,1523,15127,34,814,1618,310,2300
POA4031,1380,12609,34,804,1506,320,2167
POA4032,1325,14287,37,641,1214,325,2000
POA4034,4712,41831,38,616,1315,335,1950
POA4035,3673,23301,39,728,1925,370,2000
POA4036,902,6946,35,681,1509,350,1950
POA4037,1400,7993,34,809,2147,390,2167
POA4051,2880,25848,32,842,1688,330,2167
POA4053,5105,41785,36,707,1504,330,2000
POA4054,1571,12963,36,670,1406,320,2000
POA4055,3073,19551,36,754,1866,330,2000
POA4059,956,11563,29,732,1597,360,2300
POA4060,1726,12917,34,841,2081,370,2357
POA4061,2342,15950,40,746,1938,395,2100
POA4064,823,9975,31,963,1997,395,2500
POA4065,1249,9256,36,879,2286,390,2500
POA4066,1187,16146,29,775,1669,380,2167
POA4067,603,9142,26,467,1315,400,2167
POA4068,2046,21900,30,720,1639,370,2150
POA4069,5056,33073,41,784,2347,425,2383
POA4070,1670,10548,36,747,1980,380,2223
POA4072,3,2052,19,106,2937,0,0
POA4073,1452,9330,37,822,2142,392,2167
POA4074,3436,23271,38,735,1828,375,2000
POA4075,2721,21201,36,737,1652,350,2086
POA4076,503,6795,33,458,1118,280,1655
POA4077,2736,25157,33,394,887,229,1700
POA4078,3319,22973,33,706,1594,350,2000
POA4101,1303,19305,32,697,1475,380,2167
POA4102,447,6261,31,567,1243,303,2167
POA4103,1170,13219,32,688,1400,310,2035
POA4104,576,5540,34,748,1487,340,2000
POA4105,1355,12833,35,690,1363,320,2018
POA4106,99,1256,36,528,1046,285,1733
POA4107,636,6096,34,601,1342,320,1950
POA4108,468,4717,34,498,1063,280,1700
POA4109,4047,35369,34,450,1214,360,2000
POA4110,1075,9574,34,512,1135,300,1950
POA4111,89,1398,24,331,1329,255,1896
POA4112,1136,7777,33,589,1602,365,2000
POA4113,3579,27447,32,554,1400,370,1892
POA4114,3217,33201,30,408,863,250,1408
POA4115,2583,17803,34,695,1690,375,2000
POA4116,3513,23306,31,631,1675,380,2167
POA4117,152,1211,31,701,1422,395,2340
POA4118,3964,29063,31,638,1420,330,1785
POA4119,748,5327,32,688,1520,355,2000
POA4120,674,8565,32,769,1365,320,2011
POA4121,2963,23782,36,757,1674,335,2167
POA4122,4975,41930,36,606,1418,350,2000
POA4123,2077,16091,36,659,1415,330,1800
POA4124,2674,18382,33,617,1484,320,1987
POA4125,919,6914,42,532,1223,370,1777
POA4127,2628,21746,35,631,1345,305,1735
POA4128,2356,15877,35,697,1689,340,1980
POA4129,836,6125,31,657,1432,340,1900
POA4130,1162,8031,39,652,1703,350,2058
POA4131,1057,9313,31,545,1214,315,1647
POA4132,2802,22488,27,561,1198,320,1733
POA4133,1727,14706,34,545,1132,320,1800
POA4151,1485,14945,33,835,1522,325,2151
POA4152,5502,42503,36,727,1719,370,2167
POA4153,695,4594,37,754,1862,400,2167
POA4154,1512,9232,33,901,2261,440,2600
POA4155,167,1077,40,693,2230,250,3200
POA4156,509,2982,38,753,2265,400,2167
POA4157,2517,18676,37,636,1389,320,1950
POA4158,364,3547,38,672,1160,335,1831
POA4159,1861,13796,39,625,1462,360,2000
POA4160,2537,17431,40,671,1644,380,2032
POA4161,2215,16727,35,623,1444,350,1931
POA4163,1551,14414,46,585,1138,345,2000
POA4164,1935,12807,38,661,1705,400,2200
POA4165,4596,33243,38,616,1478,395,2167
POA4169,675,12602,33,850,1606,370,2200
POA4170,2345,21935,33,862,1767,370,2340
POA4171,1768,14542,35,999,2210,400,2600
POA4172,486,3958,34,807,1805,390,2167
POA4173,1079,8540,35,720,1474,360,2000
POA4174,314,2593,34,712,1458,340,1950
POA4178,2724,23976,39,620,1276,340,2084
POA4179,2317,18150,39,664,1465,355,2167
POA4183,160,2025,46,486,801,210,1300
POA4184,357,6342,52,353,598,210,1088
POA4205,440,4590,41,475,848,295,1733
POA4207,5515,47473,35,544,1134,300,1733
POA4208,2286,15754,32,690,1574,380,2383
POA4209,4804,34154,29,676,1527,380,2400
POA4210,2298,16275,34,617,1387,375,2102
POA4211,7198,56334,36,570,1269,360,2000
POA4212,3076,24472,42,625,1441,400,2167
POA4213,3912,27711,38,570,1365,380,2100
POA4214,4453,35807,37,551,1270,380,2000
POA4215,2948,44715,37,478,872,310,1733
POA4216,3079,33736,46,538,956,335,2000
POA4217,2607,35327,39,612,1108,350,2123
POA4218,2471,29662,39,614,1142,340,2080
POA4219,26,539,62,392,636,340,1690
POA4220,2804,28884,39,576,1105,350,2000
POA4221,2774,25602,40,538,1040,320,2000
POA4223,1607,14072,41,547,1110,330,2000
POA4224,516,5278,39,556,1038,340,1800
POA4225,310,6856,47,503,812,280,1950
POA4226,3422,29249,39,556,1251,400,2000
POA4227,2249,18386,33,571,1227,380,2167
POA4228,746,5107,41,545,1466,300,2167
POA4229,67,1692,25,306,856,400,2275
POA4230,129,1583,37,645,1167,410,1842
POA4270,488,3464,39,606,1471,350,2000
POA4271,281,2684,46,514,948,325,1733
POA4272,452,4348,49,489,993,330,1929
POA4275,402,2982,39,575,1235,320,1972
POA4280,2216,14879,35,614,1500,360,2000
POA4285,2288,18462,37,516,1125,260,1820
POA4287,56,655,44,408,804,160,1387
POA4300,6001,45132,30,661,1447,320,1993
POA4301,2897,23202,27,612,1246,310,1733
POA4303,314,4150,33,431,855,193,1300
POA4304,1586,15547,36,502,978,250,1517
POA4305,6330,57601,34,552,1107,260,1600
POA4306,4414,31410,37,619,1476,280,1800
POA4307,147,1141,37,491,1129,220,1550
POA4309,293,2360,40,471,1037,210,1637
POA4310,638,6010,45,467,916,220,1460
POA4311,1059,9278,39,431,957,255,1517
POA4312,273,3011,49,386,771,200,1300
POA4313,159,1763,49,368,693,200,1083
POA4340,656,5856,40,514,1101,260,1517
POA4341,1421,13088,38,451,953,260,1517
POA4342,204,2024,39,448,969,240,1300
POA4343,1066,10503,34,457,977,245,1500
POA4344,263,2389,40,504,1060,235,1473
POA4345,0,306,19,99,3250,0,0
POA4346,71,568,37,628,1022,180,1322
POA4347,112,1104,43,456,892,180,1300
POA4350,10612,102244,36,560,1043,235,1517
POA4352,3536,24792,38,614,1416,285,1733
POA4353,39,349,45,402,922,0,1400
POA4354,120,1033,39,462,949,180,1300
POA4355,240,2764,50,375,706,180,1120
POA4356,582,4901,39,506,1034,190,1400
POA4357,250,2464,42,451,878,160,1170
POA4358,269,1966,39,554,1134,210,1452
POA4359,122,1134,43,484,988,210,1138
POA4360,52,484,40,411,718,200,1450
POA4361,224,2251,45,385,776,170,1000
POA4362,286,2707,45,444,801,170,1300
POA4363,66,523,43,597,1111,165,1540
POA4364,45,302,37,562,1416,150,0
POA4365,39,416,49,348,665,175,1200
POA4370,1829,17238,40,473,884,215,1300
POA4371,77,729,47,407,764,150,1257
POA4372,26,199,36,546,937,180,1500
POA4373,108,1180,47,397,717,160,1177
POA4374,36,344,51,419,755,105,1365
POA4375,19,158,42,383,1053,143,1275
POA4376,29,332,43,441,949,150,607
POA4377,54,485,47,394,828,163,1300
POA4378,53,466,43,435,942,185,1270
POA4380,737,7703,46,428,782,180,1300
POA4381,54,450,40,452,927,190,1300
POA4382,63,466,44,416,838,138,664
POA4383,66,724,47,393,712,163,997
POA4385,107,1159,46,395,736,137,817
POA4387,128,1357,45,474,809,145,867
POA4388,51,492,39,363,752,125,500
POA4390,798,6813,35,636,1177,190,1517
POA4400,229,1821,37,567,1252,240,1400
POA4401,568,5450,38,510,1015,200,1300
POA4402,17,282,51,326,621,150,997
POA4403,101,790,37,466,833,86,1098
POA4404,45,360,38,578,1166,60,1713
POA4405,1569,13930,34,591,1215,231,1500
POA4406,170,1489,41,422,874,0,834
POA4407,76,678,39,526,1052,120,1200
POA4408,94,831,44,431,789,90,1300
POA4410,125,1246,46,397,688,117,867
POA4411,32,318,39,561,1125,0,748
POA4412,56,405,37,545,1269,100,2000
POA4413,759,6685,35,619,1288,270,1517
POA4415,186,1853,40,525,934,150,1192
POA4416,42,427,37,675,1171,90,422
POA4417,89,735,40,495,863,80,867
POA4419,119,1052,42,534,937,48,769
POA4420,115,1094,44,525,918,85,705
POA4421,198,2211,41,355,681,120,867
POA4422,82,665,39,528,900,0,140
POA4424,24,217,39,422,763,0,2167
POA4425,27,252,42,403,719,0,0
POA4427,27,212,37,387,1055,75,867
POA4428,92,862,42,525,980,23,1200
POA4454,98,984,39,658,1102,100,667
POA4455,961,8514,33,721,1405,210,1548
POA4462,12,141,52,422,1100,0,1
POA4465,193,1623,42,447,835,100,1029
POA4468,33,303,41,445,828,0,0
POA4470,412,3730,36,611,1067,150,1125
POA4472,178,1588,42,485,860,120,1083
POA4477,67,587,44,448,700,0,342
POA4478,63,614,40,564,874,60,867
POA4480,103,976,40,579,928,100,650
POA4481,30,352,43,652,1010,70,453
POA4486,83,711,39,545,1030,28,1083
POA4487,372,3292,34,582,1046,150,1300
POA4488,36,337,40,437,880,0,1025
POA4490,170,1858,39,500,874,90,520
POA4492,41,406,31,731,962,105,934
POA4494,24,190,36,542,825,20,2600
POA4496,37,361,37,604,1100,0,715
POA4497,41,381,39,553,980,0,852
POA4498,30,216,29,665,1297,0,867
POA4500,5338,37629,33,678,1540,331,1950
POA4501,569,5355,36,559,1081,270,1733
POA4502,1210,8499,34,673,1492,300,1863
POA4503,4337,34305,33,644,1353,330,1941
POA4504,2575,16223,31,700,1695,360,2167
POA4505,2517,18726,39,551,1260,300,1800
POA4506,2454,19702,31,547,1199,310,1777
POA4507,1169,17047,57,409,747,260,1705
POA4508,2055,19672,34,487,960,285,1733
POA4509,2999,19381,31,754,1754,380,2275
POA4510,4321,42205,35,478,953,280,1733
POA4511,848,8027,43,445,946,325,1820
POA4512,414,3011,38,561,1465,280,2006
POA4514,607,5830,39,482,1022,280,1733
POA4515,368,3538,41,467,930,250,1517
POA4516,558,3721,37,591,1522,300,1885
POA4517,55,600,44,457,754,300,1600
POA4518,595,4790,40,491,1093,320,1900
POA4519,890,7553,40,497,1057,310,1820
POA4520,1941,12240,40,756,2088,340,2297
POA4521,609,4467,40,616,1464,290,2087
POA4550,517,4178,39,498,1045,310,1866
POA4551,5133,48892,43,497,947,325,1972
POA4552,676,7773,50,467,857,250,1517
POA4553,721,5308,38,558,1264,330,2000
POA4554,228,1813,41,502,1207,265,1810
POA4555,879,6679,40,525,1156,345,1900
POA4556,4702,38725,41,532,1159,380,2000
POA4557,1449,14346,37,590,1133,320,1950
POA4558,1180,16700,43,519,869,300,1733
POA4559,745,5946,41,500,1115,300,1820
POA4560,3050,28042,42,501,970,285,1733
POA4561,842,6584,41,513,1107,270,1733
POA4562,921,7193,44,512,1125,320,1746
POA4563,843,7922,46,486,958,290,1650
POA4564,1032,9865,39,558,1062,340,1800
POA4565,1328,13965,46,452,866,310,1800
POA4566,622,7116,49,526,933,350,2000
POA4567,964,10342,45,588,1059,350,1820
POA4568,392,3350,43,483,967,295,1625
POA4569,153,1457,43,458,850,290,1441
POA4570,3990,39094,42,424,834,220,1336
POA4571,77,695,47,403,803,250,1400
POA4572,278,3717,39,648,1109,300,2000
POA4573,2525,21402,39,563,1131,345,1950
POA4574,117,1212,45,455,882,200,1500
POA4575,2301,21145,41,544,1065,360,2000
POA4580,293,4512,54,350,634,220,1400
POA4581,75,1300,48,472,744,220,1625
POA4600,97,959,48,370,784,150,990
POA4601,111,1063,46,381,694,150,1300
POA4605,453,4695,36,369,801,100,1083
POA4606,202,2127,45,398,733,175,1200
POA4608,85,876,44,405,764,180,910
POA4610,1561,14486,38,473,923,210,1400
POA4611,24,242,42,367,763,170,1408
POA4612,47,416,44,356,769,120,867
POA4613,39,495,53,334,557,85,997
POA4614,98,1230,47,362,641,185,867
POA4615,625,6861,46,364,709,185,1104
POA4620,71,578,50,352,683,100,1213
POA4621,121,1348,51,352,642,150,910
POA4625,286,3051,43,484,847,119,1083
POA4626,200,2031,42,525,847,130,1083
POA4627,55,630,40,389,665,100,800
POA4630,274,2615,45,426,794,120,1000
POA4650,3226,32849,43,413,811,200,1300
POA4655,5174,55298,44,398,782,250,1528
POA4659,309,4135,54,349,665,210,1244
POA4660,575,6755,50,382,755,210,1211
POA4662,70,871,46,374,651,230,1140
POA4670,7696,77160,42,436,854,235,1400
POA4671,565,5884,45,352,705,160,1053
POA4673,60,485,47,426,900,100,867
POA4674,112,1378,49,329,601,100,934
POA4676,14,232,49,375,777,140,924
POA4677,301,3046,42,422,808,250,1317
POA4678,84,888,47,493,1035,170,1517
POA4680,6585,50831,34,744,1864,310,2032
POA4694,31,241,32,680,1666,215,1755
POA4695,143,1284,41,494,1355,125,1777
POA4699,56,543,42,538,1039,170,1517
POA4700,1671,18115,37,557,1075,230,1452
POA4701,4701,42364,34,603,1198,240,1627
POA4702,3019,25364,37,591,1286,215,1733
POA4703,2200,20641,40,563,1127,280,1950
POA4705,48,429,37,785,1591,0,0
POA4707,15,395,55,360,642,50,1160
POA4709,231,1486,28,1201,2769,15,70
POA4710,346,3907,44,504,987,285,1733
POA4711,280,1799,39,703,2004,340,2000
POA4712,26,261,40,572,880,50,620
POA4713,71,936,22,284,750,105,0
POA4714,222,3014,46,366,646,150,867
POA4715,922,7171,33,691,1595,200,1733
POA4716,135,987,37,543,1362,150,1560
POA4717,691,5100,30,1145,2680,62,1900
POA4718,322,2584,32,768,1669,100,1625
POA4719,90,895,42,492,887,136,1150
POA4720,1836,13884,29,905,2295,304,2167
POA4721,457,3745,33,721,1591,57,1517
POA4722,195,1640,36,707,1402,95,1517
POA4723,219,1669,34,780,1574,135,2000
POA4724,70,571,41,640,1283,75,596
POA4725,188,1655,41,568,1025,100,1192
POA4726,72,627,39,571,983,70,621
POA4727,42,351,34,549,1202,96,912
POA4728,47,368,35,497,789,0,3500
POA4730,378,3625,33,691,1214,150,1509
POA4731,27,216,46,430,827,59,688
POA4733,50,382,47,554,926,0,0
POA4735,91,954,42,533,827,90,1000
POA4737,894,7652,38,612,1420,295,1950
POA4738,133,1102,43,567,1308,100,2000
POA4739,38,399,45,397,789,140,1300
POA4740,9662,79543,35,722,1592,320,2167
POA4741,1006,8375,40,620,1413,180,1950
POA4742,149,1494,36,878,1365,83,1517
POA4743,203,1308,28,1328,2715,30,0
POA4744,1297,8965,29,1275,2778,80,2383
POA4745,388,3004,30,1283,2727,60,1517
POA4746,276,1914,29,1512,2825,39,2000
POA4750,753,5343,33,814,1895,400,2200
POA4751,625,4333,33,757,1836,300,2167
POA4753,463,3019,30,807,2013,345,2383
POA4754,259,1978,36,624,1496,170,2123
POA4756,57,536,37,513,938,205,1625
POA4757,38,424,44,480,1102,100,1000
POA4798,62,568,45,490,1027,120,1733
POA4799,83,841,42,472,862,190,1322
POA4800,1020,8683,42,563,1101,230,1647
POA4801,0,306,26,746,1375,95,0
POA4802,710,8341,35,698,1226,300,2123
POA4803,31,1209,28,852,1826,345,4167
POA4804,236,2411,38,553,1328,180,1300
POA4805,1015,10482,39,559,1101,225,1717
POA4806,474,4024,43,513,971,170,1300
POA4807,1235,11095,40,554,1016,185,1300
POA4808,159,1268,40,520,1125,160,1148
POA4809,103,904,44,523,1003,135,1187
POA4810,1644,21524,37,777,1290,280,1950
POA4811,1321,11755,34,678,1428,305,1780
POA4812,1678,19476,37,625,1054,250,1681
POA4813,0,493,22,973,0,0,0
POA4814,5178,44388,31,639,1463,300,1868
POA4815,2539,20521,30,608,1303,300,1733
POA4816,853,8591,40,433,1088,120,1500
POA4817,4017,29740,31,710,1592,310,1864
POA4818,2714,20306,32,735,1610,350,2100
POA4819,175,2199,47,508,857,233,1591
POA4820,1126,10793,37,495,1029,180,1400
POA4821,151,1499,41,567,994,100,700
POA4822,90,828,37,573,967,36,708
POA4823,84,1050,33,838,1145,25,563
POA4824,257,2797,34,868,1549,125,1500
POA4825,2299,22263,30,930,2021,244,2000
POA4828,9,187,32,459,1025,88,433
POA4829,77,760,30,627,1023,72,520
POA4830,163,1457,25,291,1146,100,335
POA4849,101,1481,52,439,758,210,1200
POA4850,1282,11521,46,478,916,150,1200
POA4852,290,3209,41,578,1011,260,1378
POA4854,591,5454,40,538,1031,185,1380
POA4855,92,835,47,465,911,170,1517
POA4856,61,539,40,501,823,170,1907
POA4857,18,174,45,470,763,225,1816
POA4858,157,1259,40,527,1150,203,1517
POA4859,48,409,42,492,916,200,1083
POA4860,1159,11186,41,477,886,185,1300
POA4861,104,1068,43,417,722,165,1300
POA4865,924,7656,36,567,1190,220,1736
POA4868,2402,21453,34,622,1233,280,1733
POA4869,2204,17630,29,618,1258,289,1800
POA4870,6330,66307,36,631,1107,240,1733
POA4871,1563,16105,35,359,947,100,1300
POA4872,382,3646,45,412,802,150,1266
POA4873,642,6010,40,518,924,190,1560
POA4874,521,4956,30,876,2006,100,2029
POA4875,782,7490,25,418,1089,70,1817
POA4876,241,2313,22,445,963,60,2600
POA4877,356,4772,39,655,1086,275,1733
POA4878,1153,11635,39,621,1108,260,1625
POA4879,1932,17137,38,661,1269,300,1950
POA4880,1232,12137,39,482,912,185,1517
POA4881,407,4337,43,466,991,180,1648
POA4882,268,2425,45,510,974,231,1733
POA4883,749,8076,41,470,841,210,1517
POA4884,165,1684,47,511,922,245,1350
POA4885,364,3707,47,437,833,180,1300
POA4886,72,843,45,441,737,180,1190
POA4887,170,2239,48,375,676,135,1218
POA4888,236,2839,44,366,646,188,1100
POA4890,116,1468,32,606,1107,105,953
POA4891,44,587,47,547,881,126,1039
POA4895,369,4012,36,397,861,120,1083
POA5000,369,12638,29,498,949,320,1822
POA5005,0,330,32,261,0,0,0
POA5006,358,6679,35,721,1528,320,2000
POA5007,506,6116,36,550,1045,240,1820
POA5008,1417,13413,37,439,924,220,1582
POA5009,568,4942,39,523,1052,240,1500
POA5010,642,5744,36,379,863,136,1733
POA5011,1188,9728,38,553,1089,250,1647
POA5012,1080,9708,33,373,833,200,1603
POA5013,1006,9884,38,418,836,190,1440
POA5014,1224,11566,40,494,913,205,1517
POA5015,508,5793,39,594,1041,265,1538
POA5016,918,8366,42,567,1102,240,1647
POA5017,445,4964,40,404,783,160,1509
POA5018,761,5822,45,643,1338,300,1650
POA5019,854,9137,43,552,978,210,1690
POA5020,365,2973,48,629,1301,300,1755
POA5021,617,5729,52,592,1161,295,1733
POA5022,1717,14657,43,646,1247,250,1800
POA5023,1612,15934,41,444,839,210,1625
POA5024,1562,12949,44,557,1130,270,1700
POA5025,976,7944,42,513,1064,265,1733
POA5031,911,9601,36,523,1067,258,1712
POA5032,1378,12212,38,551,1030,241,1625
POA5033,705,7851,36,529,974,245,1733
POA5034,1089,9667,38,717,1451,270,2000
POA5035,599,5862,36,655,1132,250,1600
POA5037,1012,10155,38,537,998,240,1647
POA5038,1432,14418,37,565,960,245,1625
POA5039,899,8301,37,530,977,225,1600
POA5040,257,2326,47,495,981,100,1500
POA5041,1771,12972,39,677,1441,260,1733
POA5042,1056,10396,36,464,958,245,1517
POA5043,1498,17584,40,473,853,200,1600
POA5044,1134,10415,44,606,1115,270,1733
POA5045,1374,15451,43,696,1197,270,1950
POA5046,717,8008,43,530,921,240,1625
POA5047,742,7499,39,495,942,200,1733
POA5048,1407,13487,46,573,1081,266,1733
POA5049,1125,9474,43,661,1330,300,1800
POA5050,676,5427,44,609,1385,265,1733
POA5051,1930,13285,40,718,1639,290,1770
POA5052,870,6370,44,705,1637,300,1800
POA5061,1135,9652,40,785,1650,300,2100
POA5062,1898,14887,42,691,1475,265,1980
POA5063,1261,11805,39,711,1378,290,1950
POA5064,1120,9577,48,700,1560,325,2000
POA5065,1091,9589,44,707,1259,270,1950
POA5066,1512,11295,44,776,1781,340,2167
POA5067,783,9955,38,733,1353,290,2000
POA5068,1250,11806,42,630,1180,270,1885
POA5069,950,8275,38,700,1407,260,2167
POA5070,1400,14191,40,515,970,250,1630
POA5072,1437,11969,42,584,1216,260,1733
POA5073,1830,14595,41,519,1090,270,1733
POA5074,1398,12237,40,477,931,250,1517
POA5075,1249,10266,42,534,1119,275,1500
POA5076,1407,9258,40,597,1451,300,1566
POA5081,967,8646,42,709,1422,260,2000
POA5082,1753,14507,36,644,1340,260,1733
POA5083,852,7261,37,620,1154,250,1600
POA5084,927,9476,34,377,756,185,1500
POA5085,1611,15784,34,513,1016,250,1733
POA5086,1624,15157,36,509,1023,223,1625
POA5087,995,10434,37,509,947,230,1620
POA5088,301,3176,38,473,882,230,1311
POA5089,929,6648,41,649,1511,300,1550
POA5090,782,7639,47,467,944,250,1500
POA5091,963,7343,41,605,1283,280,1517
POA5092,1946,15875,38,568,1142,260,1500
POA5093,986,8913,39,505,1025,250,1408
POA5094,83,790,39,463,850,245,1300
POA5095,2224,17927,32,641,1345,300,1842
POA5096,1804,14456,37,536,1115,245,1473
POA5097,1678,13318,40,576,1175,265,1479
POA5098,1382,12124,39,501,1004,250,1500
POA5106,0,76,25,79,0,0,0
POA5107,1938,15324,35,426,980,220,1387
POA5108,4278,37959,34,457,912,220,1300
POA5109,2366,20337,39,510,1006,234,1322
POA5110,1048,8121,32,516,1076,260,1517
POA5111,0,192,21,968,0,0,0
POA5112,1708,18737,38,399,729,170,1148
POA5113,1485,18687,32,365,682,190,1021
POA5114,3675,29096,30,560,1179,250,1495
POA5115,817,6908,27,562,1079,265,1575
POA5116,870,7707,38,509,970,240,1509
POA5117,418,2363,35,655,1588,249,1733
POA5118,2137,17288,40,554,1111,220,1500
POA5120,252,1747,38,460,1031,200,2000
POA5121,142,1295,50,402,778,195,1822
POA5125,2696,18506,37,663,1482,250,1733
POA5126,939,7217,38,647,1353,260,1549
POA5127,1127,8002,40,627,1403,257,1520
POA5131,144,886,43,639,1638,280,1733
POA5132,46,344,45,611,1266,210,1820
POA5133,82,536,43,633,1859,300,1600
POA5134,51,444,42,679,1350,150,1600
POA5136,77,537,40,538,1605,150,1300
POA5137,69,466,43,638,1890,330,1750
POA5138,59,375,44,729,1704,250,1878
POA5139,20,175,43,650,1531,280,3467
POA5140,67,458,37,763,2009,400,2000
POA5141,114,699,43,710,1805,235,1259
POA5142,74,551,46,559,1489,170,1733
POA5144,61,434,46,581,1625,200,1617
POA5151,51,368,42,738,1711,230,2167
POA5152,879,6020,43,766,1863,300,2000
POA5153,963,6449,42,658,1500,254,1517
POA5154,483,3201,44,739,1887,310,1733
POA5155,508,3770,39,737,1502,310,1733
POA5156,155,1005,40,787,1831,140,1625
POA5157,409,2719,44,621,1514,185,1647
POA5158,3541,24028,37,644,1448,300,1600
POA5159,4770,33147,39,640,1426,300,1571
POA5160,0,27,48,387,524,169,0
POA5161,1169,9781,38,547,1030,260,1337
POA5162,3931,33457,38,527,1015,240,1387
POA5163,1561,14154,37,459,924,210,1300
POA5164,431,5134,38,370,701,129,1291
POA5165,469,5266,40,456,821,250,1374
POA5166,188,1934,40,431,821,250,1083
POA5167,558,5252,41,537,1047,265,1408
POA5168,517,4743,34,493,969,165,1430
POA5169,1603,13927,36,544,1054,270,1517
POA5170,126,1132,41,546,1075,280,1300
POA5171,729,5728,43,551,1142,270,1551
POA5172,525,3914,43,552,1228,230,1473
POA5173,1350,11816,33,531,993,270,1558
POA5174,292,2559,37,501,974,260,1365
POA5201,237,1751,41,627,1316,235,1517
POA5202,71,595,44,496,974,92,1300
POA5203,94,1018,52,450,779,190,1500
POA5204,166,2339,55,408,728,195,1100
POA5210,235,1731,39,499,1144,170,1673
POA5211,1049,14450,55,412,758,215,1235
POA5212,155,1967,55,398,765,200,1000
POA5213,105,1074,46,486,825,210,1577
POA5214,552,7796,55,394,724,210,1150
POA5220,15,143,31,483,1031,180,386
POA5221,13,215,58,376,657,150,400
POA5222,43,595,51,476,862,200,1000
POA5223,354,3464,45,503,860,150,1157
POA5231,181,1172,42,619,1520,250,1647
POA5232,70,472,44,662,1518,230,1461
POA5233,178,1394,45,538,1204,235,1398
POA5234,183,1300,41,571,1226,260,1517
POA5235,204,1929,44,521,986,200,1307
POA5236,72,599,42,410,949,180,1100
POA5237,8,73,44,636,833,160,1011
POA5238,299,3698,51,401,737,160,1083
POA5240,65,530,44,645,1448,120,1733
POA5241,293,2344,40,553,1114,240,1514
POA5242,139,1075,41,583,1300,260,1517
POA5243,131,923,43,655,1447,250,2167
POA5244,531,4304,38,611,1263,250,1582
POA5245,432,3421,45,596,1438,250,1733
POA5250,471,3102,37,668,1554,290,1625
POA5251,1535,12686,37,571,1123,270,1674
POA5252,819,5787,35,630,1307,255,1620
POA5253,1736,17886,40,449,822,180,1192
POA5254,281,2264,41,501,992,150,1213
POA5255,970,8520,42,529,1041,230,1517
POA5256,91,1124,51,384,701,195,1278
POA5259,62,708,47,447,792,80,1480
POA5260,168,1805,45,394,716,150,905
POA5261,49,392,41,426,914,0,812
POA5262,74,533,40,558,1087,0,975
POA5263,47,338,41,638,1312,25,1036
POA5264,137,1501,46,425,775,122,1000
POA5265,100,817,37,469,812,70,433
POA5266,33,278,42,515,1016,110,758
POA5267,263,2149,39,533,969,100,1000
POA5268,326,3006,39,538,902,160,1083
POA5269,35,275,39,476,841,100,542
POA5270,126,1012,42,489,1055,110,1097
POA5271,745,6725,39,573,1004,160,1148
POA5272,135,979,42,607,1155,50,1000
POA5275,218,2280,46,481,822,130,1083
POA5276,132,1398,45,555,850,160,1389
POA5277,288,2573,41,510,869,126,900
POA5278,54,521,43,460,759,120,867
POA5279,37,380,41,332,670,100,607
POA5280,785,7459,43,449,860,130,1018
POA5290,2560,24905,37,502,892,160,1257
POA5291,1153,8560,41,586,1235,140,1322
POA5301,56,480,46,364,735,50,800
POA5302,95,847,43,521,902,100,1000
POA5303,50,413,37,502,964,0,339
POA5304,55,558,46,467,768,105,625
POA5307,61,575,47,392,686,100,676
POA5308,26,228,46,368,900,0,1000
POA5309,22,160,40,379,724,100,1356
POA5311,73,586,43,510,1010,48,867
POA5320,47,612,53,351,629,100,910
POA5321,33,443,43,406,733,105,867
POA5322,101,962,47,455,806,125,1000
POA5330,311,3050,43,417,757,135,961
POA5331,61,642,42,438,795,115,867
POA5332,10,119,47,458,900,145,899
POA5333,578,5615,42,476,862,140,1127
POA5340,140,1335,42,547,936,130,1083
POA5341,771,7491,40,444,823,150,1083
POA5342,149,1159,40,517,993,150,1000
POA5343,461,5101,40,463,771,150,1200
POA5344,133,931,40,449,1037,115,1083
POA5345,314,3441,46,402,730,135,1083
POA5346,59,425,40,432,809,130,823
POA5350,65,443,41,633,1413,250,1375
POA5351,816,5602,39,574,1330,225,1500
POA5352,582,4968,43,589,1148,225,1300
POA5353,462,3872,43,540,1021,180,1300
POA5354,23,450,55,364,702,125,728
POA5355,843,7042,40,554,1038,223,1495
POA5356,80,637,41,518,1067,140,1008
POA5357,69,622,47,389,727,100,1083
POA5360,161,1095,40,640,1390,200,1450
POA5371,208,1392,36,586,1309,160,1400
POA5372,263,1928,37,544,1166,200,1300
POA5373,332,3152,44,480,902,175,1150
POA5374,143,1481,46,417,758,170,1040
POA5381,29,336,51,366,586,92,656
POA5400,115,888,38,532,1133,100,1300
POA5401,106,877,41,479,915,170,1127
POA5410,28,224,42,411,723,0,1192
POA5411,40,309,37,463,923,270,1213
POA5412,102,1213,49,449,790,144,953
POA5413,70,738,47,436,785,133,867
POA5414,36,251,44,551,812,150,1517
POA5415,43,371,50,549,979,138,1430
POA5416,17,156,37,491,954,135,1190
POA5417,186,1751,46,458,821,105,758
POA5419,22,235,45,375,671,70,1235
POA5421,19,231,48,306,546,100,490
POA5422,141,1935,49,363,580,125,564
POA5431,82,842,50,448,910,120,750
POA5433,137,1455,45,485,894,130,1000
POA5434,16,247,50,523,684,90,867
POA5440,40,493,47,639,918,33,303
POA5451,49,597,49,543,893,195,1192
POA5452,55,452,44,549,1182,180,1200
POA5453,490,4515,40,554,1027,190,1300
POA5454,49,383,42,549,988,100,715
POA5460,71,636,38,464,833,120,923
POA5461,266,2558,42,462,873,155,997
POA5462,39,377,38,530,767,180,1127
POA5464,47,413,44,441,864,100,715
POA5470,24,227,51,472,790,0,737
POA5472,30,262,44,387,719,120,433
POA5473,80,795,47,377,680,115,650
POA5480,77,793,49,441,859,150,983
POA5481,52,522,49,414,700,100,821
POA5482,61,584,49,426,759,95,921
POA5483,46,405,42,512,768,65,1080
POA5485,78,814,47,491,987,110,950
POA5490,21,177,49,404,825,65,693
POA5491,168,1715,45,511,916,148,1127
POA5495,39,525,52,355,713,145,1100
POA5501,914,6692,39,521,1154,200,1408
POA5502,210,1653,42,551,1189,170,1300
POA5510,44,362,40,403,749,100,1083
POA5520,53,615,47,419,722,120,498
POA5521,44,380,42,459,814,100,575
POA5522,112,1551,54,391,667,150,1083
POA5523,160,1692,47,462,858,138,1000
POA5540,1528,15213,40,396,763,150,1040
POA5550,83,866,41,503,792,170,867
POA5552,10,86,39,350,588,148,802
POA5554,551,5210,42,444,831,178,1091
POA5555,61,522,48,498,845,100,583
POA5556,288,3673,50,389,719,190,1083
POA5558,324,4011,53,384,707,200,1083
POA5560,40,416,44,389,816,100,867
POA5570,81,833,48,397,723,100,650
POA5571,76,1580,60,387,683,150,1107
POA5572,57,389,41,656,1071,121,1083
POA5573,181,2057,47,396,742,120,950
POA5575,266,2970,51,394,755,110,1000
POA5576,75,845,49,398,666,150,1083
POA5577,15,198,52,335,537,93,450
POA5580,51,437,44,431,706,125,556
POA5581,21,491,62,368,693,180,2000
POA5582,34,544,58,393,681,160,1083
POA5583,43,687,58,374,631,134,715
POA5600,831,7047,41,596,1280,160,1517
POA5601,6,167,58,285,487,123,724
POA5602,108,1073,44,430,791,180,1120
POA5603,20,226,47,470,774,180,734
POA5604,3,137,60,350,666,175,1517
POA5605,166,1827,51,450,732,160,1300
POA5606,1437,14088,38,523,923,180,1322
POA5607,566,4594,42,510,991,140,1300
POA5608,1215,13854,37,398,780,142,1083
POA5609,210,1390,33,721,1698,225,1800
POA5630,30,221,39,554,1011,155,563
POA5631,126,1045,39,538,1026,106,997
POA5633,58,433,41,517,900,50,465
POA5640,87,975,48,524,920,95,801
POA5641,134,1145,44,567,1042,70,607
POA5642,81,536,35,583,1118,0,0
POA5650,40,300,36,502,971,30,542
POA5652,65,557,41,544,1007,100,779
POA5654,49,357,41,508,864,88,360
POA5670,29,292,44,572,808,143,1005
POA5680,246,2281,43,476,858,140,1142
POA5690,389,4024,37,577,1054,120,1215
POA5700,1060,11768,38,519,940,150,1150
POA5710,303,2954,38,777,1327,150,1346
POA5720,13,215,35,836,1312,150,0
POA5722,52,593,42,466,892,180,1000
POA5723,126,1695,45,434,696,100,581
POA5724,68,675,26,295,1053,40,0
POA5725,609,4715,29,1466,2754,200,2323
POA5731,96,1137,39,1102,1750,38,0
POA5732,15,162,33,313,440,44,488
POA5734,14,166,29,294,666,45,0
POA5950,0,0,0,0,0,0,0
POA5960,0,9,61,350,350,0,0
POA6000,362,9236,31,948,1750,400,2472
POA6003,126,2953,31,802,1385,350,2167
POA6004,374,8184,32,994,1814,430,2400
POA6005,189,5167,32,1007,1699,380,2350
POA6006,924,8544,36,846,1736,360,2400
POA6007,558,6746,35,979,1927,380,2167
POA6008,1394,13857,38,972,1889,380,2383
POA6009,2173,16570,38,779,2217,410,3000
POA6010,1828,15481,41,808,1843,375,2600
POA6011,1034,8925,40,1037,2519,453,3000
POA6012,921,8598,38,748,1497,283,2582
POA6014,2476,18984,37,868,1759,300,2300
POA6015,944,6354,44,874,2576,650,3033
POA6016,1104,9563,34,774,1579,310,2167
POA6017,266,4048,32,706,1102,275,1733
POA6018,4122,34381,38,760,1669,340,2225
POA6019,1883,20154,35,884,1627,350,2221
POA6020,2862,20282,42,777,1908,350,2167
POA6021,2331,19150,38,638,1354,320,2100
POA6022,597,4982,39,687,1489,350,1800
POA6023,2305,15025,40,761,1960,400,2000
POA6024,1767,13427,39,686,1563,350,1900
POA6025,4121,29797,38,737,1700,360,2000
POA6026,3432,22424,41,699,1820,380,1898
POA6027,5689,42095,36,698,1676,360,2000
POA6028,3511,20113,35,728,2079,395,2167
POA6029,382,2665,40,867,2094,400,2167
POA6030,5078,37588,32,651,1491,350,2100
POA6031,1759,11331,28,762,1757,375,2300
POA6032,25,213,40,569,1042,220,2383
POA6033,97,738,32,642,1510,240,2383
POA6035,510,4246,38,597,1245,320,2100
POA6036,1656,10834,28,752,1718,360,2340
POA6037,238,2241,40,490,966,260,1733
POA6041,128,1367,47,378,859,260,1800
POA6042,3,82,59,412,919,240,2167
POA6043,17,206,49,355,687,270,1700
POA6044,98,1476,45,554,869,152,1142
POA6050,1523,14915,37,797,1715,320,2300
POA6051,932,12353,34,793,1221,270,1950
POA6052,1189,10443,37,738,1489,300,2123
POA6053,1456,13525,38,717,1413,300,2004
POA6054,2147,19765,37,621,1214,290,1733
POA6055,1525,12054,37,680,1533,300,2000
POA6056,4113,37073,38,610,1228,300,1733
POA6057,2040,16115,35,710,1552,330,1950
POA6058,1348,11811,37,646,1304,320,1842
POA6059,2811,22520,40,618,1290,300,2000
POA6060,1781,21884,36,712,1199,300,1950
POA6061,3343,33695,31,515,1042,300,1733
POA6062,3801,31116,39,583,1266,325,1880
POA6063,1954,13996,32,606,1386,310,1733
POA6064,3824,30439,34,520,1173,300,1560
POA6065,7887,52075,32,732,1728,390,2200
POA6066,2795,18952,34,616,1495,350,1733
POA6067,5,129,28,270,350,100,3033
POA6068,0,3,30,0,1375,73,0
POA6069,3815,25373,30,785,1774,370,2383
POA6070,497,3523,43,743,1923,395,2000
POA6071,471,3519,42,660,1734,330,1950
POA6072,109,832,45,678,1859,360,1750
POA6073,363,3015,46,577,1312,260,1625
POA6074,124,942,44,613,1446,275,2111
POA6076,2809,21504,43,652,1571,300,2000
POA6077,206,1528,47,586,1365,240,2167
POA6078,138,863,42,635,1852,300,2000
POA6079,0,4,50,900,1125,0,0
POA6081,703,4719,39,706,1818,350,1900
POA6082,421,3155,40,653,1585,310,2000
POA6083,475,3463,43,676,1734,200,2000
POA6084,884,6388,39,649,1525,285,2105
POA6090,0,15,48,1066,1633,0,0
POA6100,1165,13609,33,801,1514,330,2167
POA6101,1351,14990,33,706,1385,310,2167
POA6102,845,13832,30,396,875,270,2000
POA6103,694,8402,33,696,1293,290,2080
POA6104,1258,13288,36,705,1357,300,2000
POA6105,1403,13518,36,596,1168,315,1944
POA6106,4,18,57,875,4500,0,0
POA6107,4087,36881,31,597,1300,320,1900
POA6108,3044,22964,36,616,1411,320,1700
POA6109,1137,10636,35,543,1093,280,1600
POA6110,4257,34862,33,618,1285,300,1800
POA6111,2654,22059,38,604,1284,280,1733
POA6112,4819,40250,32,630,1321,290,1950
POA6121,422,2727,39,681,1894,345,2318
POA6122,1360,9380,32,714,1724,350,2167
POA6123,206,1430,35,567,1477,300,1950
POA6124,133,1082,40,631,1437,250,1733
POA6125,367,2679,41,574,1340,200,2080
POA6126,23,501,43,464,1281,200,1700
POA6147,1814,14807,34,588,1235,300,1625
POA6148,2258,17415,40,629,1454,340,1950
POA6149,2845,18638,41,690,1884,388,1950
POA6150,1898,13264,38,559,1783,410,2000
POA6151,1642,16437,37,910,1842,350,2383
POA6152,2245,24370,35,699,1452,320,2145
POA6153,2338,19033,41,816,1832,380,2466
POA6154,1227,9663,41,682,1440,350,2167
POA6155,7495,48059,34,706,1917,400,2058
POA6156,1980,16020,38,694,1486,310,2167
POA6157,1365,12957,41,773,1412,320,2167
POA6158,884,6930,42,858,1838,360,2275
POA6159,219,2725,43,974,1861,370,2600
POA6160,549,7668,41,773,1397,320,2250
POA6161,10,113,33,807,1312,0,0
POA6162,1091,10379,41,622,1195,300,2200
POA6163,5246,46259,39,576,1195,300,1800
POA6164,6983,47545,31,790,1850,370,2167
POA6165,7,126,40,538,1125,260,2069
POA6166,1167,8199,41,636,1550,350,2000
POA6167,2497,22504,32,582,1172,255,1733
POA6168,2132,23469,41,519,945,250,1697
POA6169,4030,34328,37,569,1257,280,1733
POA6170,888,6600,29,701,1589,300,2055
POA6171,2430,15883,29,837,1932,370,2383
POA6172,2048,14105,30,653,1668,330,1950
POA6173,1840,10429,29,827,2161,360,2409
POA6174,277,2176,34,627,1599,265,2000
POA6175,449,3013,33,683,1723,320,2167
POA6176,109,711,40,604,1791,325,2100
POA6180,492,3464,30,672,1628,320,2253
POA6181,79,493,38,726,2019,0,2200
POA6182,0,0,0,0,0,0,0
POA6207,142,1083,40,567,1568,170,1950
POA6208,1007,9618,42,475,1009,250,1950
POA6209,172,1833,48,443,911,200,2100
POA6210,5865,60892,43,485,954,270,1900
POA6211,648,5549,40,525,1203,290,1900
POA6213,81,699,42,566,1208,220,1950
POA6214,46,361,40,558,1152,163,1733
POA6215,391,3582,42,498,1109,200,1543
POA6218,36,482,35,348,650,200,1083
POA6220,560,4697,41,480,1030,180,1625
POA6221,55,439,35,573,1333,125,2167
POA6224,144,1218,39,507,1009,150,1486
POA6225,1003,9127,40,558,1339,200,1582
POA6226,93,620,39,867,1954,110,2338
POA6227,71,520,31,669,1767,300,2000
POA6229,54,513,41,637,1125,203,2000
POA6230,4423,40638,37,605,1263,260,1733
POA6232,1207,9423,34,631,1521,300,1820
POA6233,2116,15779,35,669,1665,300,1950
POA6236,264,1948,41,667,1490,200,1755
POA6237,336,2550,42,616,1391,180,1800
POA6239,477,4055,43,507,1078,200,1500
POA6240,34,266,46,679,1178,180,1150
POA6244,174,1588,44,495,878,107,1122
POA6251,48,435,44,438,858,50,1398
POA6253,36,560,55,404,728,185,1137
POA6254,67,633,46,458,904,150,1000
POA6255,352,3479,46,463,863,191,1499
POA6256,26,208,48,500,1444,0,2300
POA6258,685,6308,40,513,945,150,1300
POA6260,182,1541,41,494,946,160,1727
POA6262,78,769,48,396,727,110,1100
POA6271,299,2848,38,545,1061,250,1733
POA6275,108,1262,49,459,824,116,1620
POA6280,2607,23483,40,528,996,260,1800
POA6281,679,5551,38,666,1335,320,2080
POA6282,172,1250,40,714,1473,300,2167
POA6284,206,1605,37,665,1277,250,2000
POA6285,894,7527,36,629,1198,290,1800
POA6286,59,583,48,605,1118,150,2167
POA6288,36,405,47,536,956,180,1400
POA6290,123,1648,54,446,726,200,1337
POA6302,336,3395,47,478,906,200,1404
POA6304,146,1566,51,404,772,95,1300
POA6306,103,934,45,457,867,86,1200
POA6308,167,1600,44,477,868,125,1200
POA6309,24,262,47,453,814,0,900
POA6311,72,603,43,490,964,116,1083
POA6312,502,4927,37,507,978,160,1300
POA6313,44,366,44,568,1069,93,1001
POA6315,191,1848,45,460,834,110,880
POA6316,49,418,39,568,900,92,563
POA6317,468,4183,36,525,952,140,1200
POA6318,25,236,39,408,680,157,900
POA6320,114,907,36,478,880,70,1029
POA6321,23,268,38,417,875,98,740
POA6322,52,459,43,393,764,0,217
POA6323,96,985,46,407,750,175,1148
POA6324,306,3026,42,480,890,180,1232
POA6326,62,507,46,470,1025,150,1300
POA6327,39,296,44,457,900,100,1600
POA6328,49,428,43,558,947,85,1000
POA6330,3525,32921,41,521,1005,230,1571
POA6333,484,5196,47,470,847,210,1359
POA6335,97,838,35,615,1021,110,704
POA6336,27,247,40,545,959,50,555
POA6337,68,480,35,710,1221,100,600
POA6338,97,751,43,571,915,100,1083
POA6341,38,275,34,595,961,80,1000
POA6343,33,238,37,585,1109,80,0
POA6346,66,733,37,954,1142,125,1000
POA6348,155,1397,39,652,1464,250,1387
POA6350,14,199,52,463,720,100,563
POA6352,52,408,36,530,826,70,813
POA6353,87,727,40,622,1214,108,900
POA6355,103,855,39,608,936,10,400
POA6358,26,240,46,463,809,0,0
POA6359,47,522,37,913,962,110,862
POA6365,68,612,42,515,863,103,620
POA6367,27,280,39,504,719,120,833
POA6368,23,181,46,581,962,0,650
POA6369,61,632,45,535,896,120,1083
POA6370,53,556,44,452,804,120,626
POA6373,36,238,43,616,1160,0,0
POA6375,62,830,50,525,900,102,700
POA6383,90,1043,48,487,843,78,738
POA6386,36,254,38,479,779,0,390
POA6390,204,2226,38,1210,1825,224,2006
POA6391,100,914,43,612,1062,118,1000
POA6392,62,491,43,579,978,100,1023
POA6393,47,385,46,393,812,0,200
POA6394,58,410,42,526,920,38,628
POA6395,163,1573,42,520,972,130,953
POA6396,45,355,35,618,974,80,901
POA6397,28,369,39,514,890,85,560
POA6398,45,565,48,415,666,157,780
POA6401,737,7602,39,512,990,180,1300
POA6403,20,196,40,483,939,270,800
POA6405,35,269,44,580,792,130,950
POA6407,106,1042,37,507,1054,120,997
POA6409,50,402,41,450,955,50,272
POA6410,126,1186,43,390,811,100,737
POA6413,19,150,44,660,1375,185,1300
POA6415,296,2897,35,594,1107,140,1101
POA6418,69,720,42,507,830,75,551
POA6421,34,236,40,579,1025,37,867
POA6423,27,277,43,766,1458,46,1439
POA6425,22,163,45,595,789,0,462
POA6426,119,1096,37,748,1235,110,1000
POA6429,97,1525,37,757,1145,105,854
POA6430,2738,23006,31,945,2109,270,2000
POA6431,59,678,29,268,1083,21,0
POA6432,809,7733,31,788,1680,260,1629
POA6434,10,147,28,284,1075,75,303
POA6436,13,180,43,459,900,79,2813
POA6437,96,1294,32,1769,2572,0,0
POA6438,51,1216,32,1144,1386,92,908
POA6440,41,1092,37,1503,955,65,953
POA6442,357,2698,29,972,2228,200,1322
POA6443,73,1141,37,796,1130,85,660
POA6445,23,163,35,450,729,0,217
POA6447,73,492,30,693,1354,0,650
POA6448,40,447,36,402,1035,130,1200
POA6450,1389,12377,38,583,1144,190,1530
POA6460,106,985,42,476,852,100,999
POA6461,37,372,42,426,771,125,867
POA6462,42,303,42,606,1098,60,360
POA6468,33,206,34,695,1361,0,953
POA6472,25,183,40,589,981,75,1525
POA6475,48,436,42,504,848,86,379
POA6477,36,294,39,583,987,60,433
POA6479,55,489,45,548,1055,65,530
POA6484,3,380,38,1885,1083,40,380
POA6485,45,523,45,436,768,124,650
POA6488,28,348,44,515,807,75,498
POA6490,23,231,46,433,818,50,1400
POA6501,141,1018,39,611,1396,175,1650
POA6502,101,1062,45,455,939,180,1387
POA6503,245,2043,41,543,1091,180,1406
POA6505,31,283,46,427,1166,0,1800
POA6507,45,401,42,672,1525,129,1746
POA6509,41,320,42,664,1135,75,0
POA6510,232,2050,37,576,1192,138,935
POA6511,32,460,51,439,775,200,894
POA6513,27,192,36,592,1350,130,0
POA6514,42,611,50,431,861,168,1733
POA6515,55,453,41,584,1044,0,600
POA6516,149,1508,42,569,1003,220,1600
POA6517,46,430,42,605,1071,100,470
POA6518,14,116,47,381,666,48,884
POA6519,60,615,40,546,995,92,563
POA6521,45,334,48,579,1036,65,1250
POA6522,53,477,38,697,963,100,321
POA6525,394,3566,44,516,992,195,1706
POA6528,30,287,44,666,1264,150,1000
POA6530,3564,31963,36,596,1203,230,1616
POA6532,714,5789,38,627,1360,200,1818
POA6535,124,1486,49,390,748,125,1300
POA6536,149,1497,45,464,764,200,1400
POA6537,46,637,48,529,820,150,1005
POA6556,250,1848,41,601,1361,300,1860
POA6558,96,2172,34,621,1245,260,2010
POA6560,140,1282,38,534,1072,167,1100
POA6562,115,1147,44,512,1064,240,1517
POA6564,28,335,48,506,936,0,1257
POA6566,292,3085,48,482,947,230,1538
POA6567,36,368,47,445,966,175,1083
POA6568,35,249,39,383,711,180,87
POA6569,33,333,41,571,813,50,1083
POA6575,31,242,41,669,1218,50,320
POA6603,126,1127,37,639,1183,125,934
POA6606,36,305,43,663,1277,0,600
POA6608,34,257,46,581,900,50,725
POA6609,69,565,37,712,1148,148,972
POA6612,29,235,44,610,1011,0,922
POA6620,24,185,37,514,956,140,2167
POA6623,142,1612,37,869,1105,80,850
POA6628,31,183,31,837,1228,0,0
POA6630,30,533,40,648,908,92,640
POA6635,27,519,33,1291,1125,45,6100
POA6638,51,644,37,572,1054,133,650
POA6639,8,106,48,485,700,0,2000
POA6640,17,273,47,390,671,100,217
POA6642,68,1377,34,920,1009,84,433
POA6646,31,1159,34,1665,1266,25,190
POA6701,547,5787,38,594,1104,152,1517
POA6705,19,252,29,319,837,50,1300
POA6707,245,2393,37,738,1373,257,2167
POA6710,65,2379,38,2000,1483,54,1548
POA6713,153,1264,34,1582,3055,231,2150
POA6714,1800,18273,32,1614,2860,130,3059
POA6716,84,652,32,1824,2777,28,0
POA6718,61,812,33,574,1478,172,1083
POA6720,261,2552,32,1450,2720,30,2300
POA6721,432,5195,34,1669,2810,102,1950
POA6722,991,10543,30,1362,2817,120,2600
POA6725,948,9856,32,698,1441,160,2600
POA6726,516,5157,33,937,1856,270,2600
POA6728,438,6895,30,443,1251,79,1733
POA6740,113,1753,29,385,1085,50,1517
POA6743,544,6346,31,866,1644,140,2200
POA6751,485,5460,33,1824,2768,35,300
POA6753,666,9085,32,1915,2827,75,364
POA6754,179,1508,30,1666,2799,30,2400
POA6758,15,178,27,270,974,100,0
POA6760,40,513,28,287,937,35,2167
POA6762,25,1175,33,1758,900,90,0
POA6765,107,1519,27,354,1188,35,838
POA6770,254,3264,26,313,973,50,175
POA6907,4,975,20,117,1071,250,2123
POA7000,1205,13430,36,693,1281,265,1733
POA7004,603,7168,38,651,1277,280,1408
POA7005,1134,12637,38,583,1285,290,2000
POA7007,338,2921,39,707,1410,235,1733
POA7008,1296,11824,40,616,1166,230,1625
POA7009,1228,12316,37,499,898,230,1317
POA7010,1447,15829,41,453,785,200,1300
POA7011,1505,14418,38,495,895,210,1343
POA7012,119,831,39,583,1193,235,1400
POA7015,1076,9896,45,627,1213,270,1560
POA7016,223,2679,33,406,765,185,1060
POA7017,679,4728,39,635,1441,300,1517
POA7018,2096,20060,42,566,1055,250,1517
POA7019,537,5493,31,446,843,200,1196
POA7020,384,2453,39,705,1641,300,1600
POA7021,308,2280,39,656,1342,250,1300
POA7022,89,833,40,595,1062,240,1318
POA7023,36,327,50,416,949,240,1603
POA7024,64,465,39,749,1432,240,1600
POA7025,248,1853,42,569,1271,220,1352
POA7026,108,842,43,498,1032,130,1250
POA7027,35,373,44,357,711,170,867
POA7030,1902,16808,34,456,894,170,1300
POA7050,1334,11762,37,580,1122,270,1518
POA7052,836,6725,41,632,1287,290,1550
POA7053,462,3510,44,680,1444,275,1600
POA7054,1124,7953,38,625,1375,280,1517
POA7055,52,415,32,687,1168,340,1647
POA7109,962,7907,40,478,939,200,1300
POA7112,277,2813,44,390,739,190,997
POA7113,111,1103,44,420,1007,198,1300
POA7116,265,2363,42,406,797,200,1148
POA7117,61,767,52,411,727,180,1019
POA7120,215,2006,43,382,677,88,867
POA7140,1251,10663,41,413,834,180,1150
POA7150,307,2677,45,483,957,180,1300
POA7155,109,985,44,540,1028,270,1400
POA7162,68,641,50,537,1153,230,867
POA7163,26,233,49,491,1013,100,910
POA7170,721,4682,42,701,1693,260,1733
POA7171,346,3009,37,581,1093,250,1400
POA7172,352,3153,43,478,916,230,1300
POA7173,699,6188,40,521,925,215,1170
POA7176,53,419,40,466,846,140,1083
POA7177,52,468,48,402,745,155,900
POA7178,36,360,47,374,707,210,975
POA7179,26,338,53,444,795,168,769
POA7180,20,277,53,367,723,163,823
POA7182,20,246,55,397,672,175,520
POA7183,9,84,37,460,633,70,867
POA7184,67,765,47,357,632,180,1083
POA7186,25,278,49,403,727,120,953
POA7190,243,3008,53,401,733,165,1096
POA7209,39,418,49,396,693,83,867
POA7210,89,993,49,386,643,126,825
POA7211,49,422,41,494,937,150,693
POA7212,220,1837,43,507,1008,170,1460
POA7213,31,301,40,334,653,90,698
POA7214,69,649,46,334,646,50,534
POA7215,283,3288,49,393,698,160,953
POA7216,249,3398,52,370,658,180,1062
POA7248,1326,15417,32,378,744,195,1200
POA7249,1206,12308,38,513,937,210,1300
POA7250,5178,47232,39,539,1008,210,1350
POA7252,283,2268,46,555,1256,208,1517
POA7253,511,5097,40,379,733,170,1083
POA7254,67,494,42,397,994,155,1387
POA7255,58,709,53,479,847,81,988
POA7256,137,1566,46,624,953,120,867
POA7257,0,62,48,296,335,75,0
POA7258,144,943,43,686,1530,170,1517
POA7259,58,461,43,452,900,150,1050
POA7260,357,3217,43,404,764,146,1050
POA7261,11,207,52,355,730,33,986
POA7262,161,1714,46,451,789,163,1192
POA7263,83,744,42,367,747,85,650
POA7264,58,680,51,339,557,15,585
POA7265,30,275,41,374,675,140,650
POA7267,114,886,40,560,1259,220,1300
POA7268,132,1068,44,499,950,137,1200
POA7270,393,4095,49,385,761,172,1051
POA7275,336,3054,46,468,966,200,1300
POA7276,65,564,44,487,856,150,1213
POA7277,713,5256,41,552,1259,260,1528
POA7290,272,2062,36,579,1136,200,1300
POA7291,103,873,42,529,1043,165,1192
POA7292,89,695,43,485,1027,150,1300
POA7300,401,3038,40,533,1073,200,1300
POA7301,450,4015,44,457,869,170,1247
POA7302,208,1780,39,457,941,120,1083
POA7303,284,2339,44,425,835,170,1285
POA7304,619,5878,45,391,766,164,1083
POA7305,130,1229,44,374,768,180,1000
POA7306,447,3951,44,394,801,160,1111
POA7307,1003,9251,44,481,914,195,1300
POA7310,2821,27183,40,459,855,190,1296
POA7315,1495,14270,44,444,831,175,1210
POA7316,713,6014,42,456,918,190,1278
POA7320,1672,16722,38,456,832,175,1127
POA7321,578,4691,42,446,963,160,1120
POA7322,410,3974,42,423,796,175,1200
POA7325,941,8569,44,413,849,170,1200
POA7330,827,6754,37,521,952,125,1092
POA7331,49,488,44,519,954,180,1300
POA7467,198,1978,39,412,817,125,758
POA7468,68,657,41,576,1016,100,1400
POA7469,111,936,39,429,1020,130,720
POA7470,91,920,35,540,1285,125,650
POA9191,0,13,45,1093,1166,0,0
POA0800,207,4544,32,1014,1890,480,2600
POA0810,3265,29720,34,850,1721,330,2058
POA0812,2280,19310,34,845,1795,350,2000
POA0820,1683,19051,33,1008,1963,400,2200
POA0822,2550,24109,26,284,1237,43,1850
POA0828,78,1696,34,655,1448,165,3000
POA0829,23,1140,23,985,1052,230,1950
POA0830,2190,17976,29,863,1692,328,2167
POA0832,1285,9665,28,989,2030,410,2383
POA0835,627,5199,40,871,1910,300,2167
POA0836,899,7087,36,881,1906,350,2200
POA0837,52,528,37,717,1465,275,2700
POA0838,72,732,37,757,1323,120,1850
POA0840,24,556,48,385,604,0,1361
POA0841,59,696,38,654,1125,340,1647
POA0845,9,335,44,627,886,55,1060
POA0846,26,237,45,426,772,115,1400
POA0847,28,384,36,674,1116,70,1452
POA0850,747,7590,32,735,1459,180,1733
POA0852,825,7976,25,295,1168,30,1387
POA0853,110,739,25,1135,2143,210,0
POA0854,90,928,26,388,1151,50,0
POA0860,242,3061,32,634,1392,120,934
POA0862,53,698,28,566,1033,40,550
POA0870,2657,25184,33,866,1692,300,1950
POA0872,1401,15480,27,271,1018,25,1246
POA0880,767,5953,29,759,2404,4,1950
POA0885,124,986,34,1552,2846,80,1279
POA0886,123,1128,33,1135,2227,36,108
POA2600,724,6898,43,1213,2581,460,2500
POA2601,38,4789,23,278,2118,500,2600
POA2602,2853,28574,36,912,1776,370,2167
POA2603,983,8622,41,1154,2507,400,2600
POA2604,734,8649,36,1158,2065,430,2383
POA2605,1385,11329,41,1020,2068,397,2167
POA2606,812,8170,35,914,1601,350,2050
POA2607,1671,13462,42,914,1827,355,2167
POA2609,52,897,47,618,875,250,2492
POA2611,2939,23240,40,910,1839,332,2167
POA2612,852,14666,29,957,1869,400,2197
POA2614,2190,19119,38,875,1734,361,2058
POA2615,5642,43706,34,860,1782,351,2058
POA2617,3197,29649,32,842,1880,390,2025
POA2900,101,1485,36,986,1703,422,1888
POA2902,1990,15448,37,880,1861,325,1993
POA2903,1262,9571,37,862,1901,335,2000
POA2904,1880,13032,40,948,2215,400,1999
POA2905,4125,29222,32,881,1928,370,2000
POA2906,2705,18134,32,925,2023,365,2167
POA2911,71,572,27,1189,1914,318,2600
POA2912,965,7149,29,994,2095,430,2383
POA2913,3664,25418,32,959,2046,391,2167
POA2914,2281,13828,30,1142,2456,428,2492
POA6798,169,2074,31,1022,1864,84,867
POA6799,100,552,39,486,1454,148,285
POA9494,0,47734,38,375,0,0,0
POA9797,0,1267,41,1148,0,0,0